id,MQ135,MQ3,MQ4,MQ5,MQ6,MQ8,Temp,Humidity
1,304,26,284,988,332,33,33.7,43.4
1,307,31,288,978,341,32,34.3,41.2
1,302,29,290,979,330,35,34.3,42.4
1,317,327,361,893,215,19,34.3,42.2
1,326,241,357,905,301,22,34.4,48
1,327,304,350,893,297,17,34.4,49.7
1,334,303,363,894,304,18,34.5,51.4
1,323,292,355,907,305,25,34.5,53
1,336,290,357,909,307,26,34.6,54.5
1,335,283,355,911,310,26,34.6,56.1
1,347,275,374,907,307,27,34.7,57.6
1,342,281,357,907,315,27,34.7,58.8
1,354,272,349,906,310,23,34.7,59.8
1,345,272,356,912,319,27,34.8,60.8
1,353,269,353,910,319,21,34.8,61.7
1,357,261,347,910,314,19,34.9,62.4
1,352,260,349,906,318,24,35,62.7
1,352,260,353,898,323,40,35,63
1,364,258,350,905,320,22,35,63.5
1,366,247,342,918,319,25,35.1,64.1
1,358,247,346,914,325,26,35.2,65
1,354,250,341,911,321,25,35.2,65.70001
1,369,240,339,912,322,26,35.2,66.30001
1,364,240,341,913,326,27,35.3,66.70001
1,369,231,335,909,300,25,35.3,67.1
1,371,210,337,912,325,23,35.3,67.4
1,373,231,336,906,322,22,35.4,67.8
1,372,255,328,912,324,25,35.4,68.20001
1,368,227,339,912,330,45,35.5,68.7
1,368,231,374,910,324,23,35.6,69.20001
1,369,230,336,891,330,27,35.6,69.6
1,374,230,208,910,336,27,35.7,70
1,368,223,336,913,330,28,35.7,70.2
1,371,226,337,913,327,27,35.7,70.5
1,378,215,330,911,328,31,35.8,70.70001
1,378,225,334,903,326,22,35.8,71
1,379,222,330,931,330,22,35.9,71.30001
1,380,219,327,907,327,18,36,71.4
1,378,215,329,902,327,26,36,71.4
1,377,209,336,912,331,26,36,71.4
1,376,221,325,905,328,10,36.1,71.4
1,291,322,570,815,277,11,36.2,71
1,293,363,569,826,289,16,36.3,49.9
1,300,353,560,820,285,14,36.4,50.1
1,287,352,560,829,289,16,36.4,50.6
1,301,350,555,829,292,16,36.5,51.3
1,304,336,541,827,284,13,36.5,52.3
1,303,342,545,832,291,16,36.6,53.4
1,301,339,534,835,294,16,36.7,54.4
1,295,337,529,837,295,16,36.7,55
1,301,333,523,832,295,16,36.7,55.7
1,306,323,510,830,291,14,36.8,56.3
1,321,331,509,842,299,16,36.9,56.8
1,311,322,501,835,306,16,36.9,57.4
1,311,320,497,833,294,15,37,58
1,311,320,500,847,300,16,37.1,58.6
1,316,311,494,837,295,16,37.1,59.3
1,309,321,497,849,304,16,37.2,59.9
1,318,310,491,839,298,16,37.2,60.7
1,308,321,496,848,304,17,37.3,61.3
1,320,325,496,847,303,16,37.3,61.9
1,311,322,496,848,302,17,37.4,62.3
1,317,358,506,850,304,17,37.5,62.5
1,320,343,502,847,301,16,37.5,62.7
1,326,335,499,848,355,18,37.6,62.7
1,322,331,496,840,297,15,37.7,62.6
1,326,329,500,880,304,17,37.7,62.4
1,329,319,493,845,299,16,37.7,62.4
1,275,311,479,841,293,15,37.8,62.3
1,323,316,496,846,304,18,37.9,62.5
1,333,304,493,845,303,16,38,62.8
1,323,304,493,848,306,19,38,63
1,323,223,461,745,279,0,38.1,63.1
1,336,311,482,850,305,19,38.2,63.4
1,329,297,479,849,309,20,38.2,64.20001
1,333,298,471,850,310,19,38.2,65
1,336,279,450,848,304,16,38.3,66
1,335,290,449,860,307,22,38.4,67
1,359,354,421,787,278,183,38.6,68.4
1,361,366,430,797,281,189,38.2,55.2
1,350,368,429,784,277,187,38.2,56.5
1,356,381,439,796,283,193,38.2,58
1,357,382,443,794,311,192,38.3,59.4
1,374,389,461,809,287,202,38.2,60.8
1,377,401,466,813,289,207,38.3,62.3
1,380,400,466,814,288,160,38.3,63.6
1,369,400,465,806,288,205,38.3,64.8
1,380,399,464,814,345,208,38.4,66
1,386,407,475,823,298,214,38.4,67.1
1,378,407,482,810,290,212,38.5,68.1
1,418,402,479,819,291,216,38.5,69.20001
1,391,410,487,817,297,219,38.6,70.2
1,391,400,487,826,293,219,38.6,71.2
1,391,406,492,833,295,221,38.7,71.9
1,400,406,483,830,303,220,38.7,72.5
1,406,438,432,844,304,228,38.8,73
1,409,416,498,846,304,229,38.8,73.5
1,401,412,497,837,301,230,38.9,74
1,410,416,503,846,305,230,39,74.4
1,403,407,496,848,302,228,39,74.70001
1,411,403,499,869,304,230,39,75.1
1,421,417,509,859,310,237,39.1,75.70001
1,414,405,499,861,310,213,39.2,76
1,416,405,492,861,305,235,39.2,76.30001
1,427,403,477,848,307,235,39.3,76.70001
1,413,400,476,865,309,237,39.3,76.6
1,417,432,463,869,309,238,39.4,76.4
1,427,404,477,877,315,240,39.4,76.5
1,429,403,480,880,317,240,39.5,76.70001
1,426,391,477,887,310,240,39.6,76.9
1,431,398,495,880,311,240,39.6,77
1,425,398,484,875,306,240,39.7,77.3
1,417,388,484,875,312,240,39.7,77.5
1,417,397,491,875,315,240,39.8,77.6
1,421,393,442,880,311,240,39.9,77.8
1,428,386,489,883,313,243,39.9,77.9
1,431,384,489,887,317,243,40,78
1,434,395,496,885,319,244,40,78.20001
1,432,393,495,880,320,246,40.1,78.4
1,431,383,485,896,323,249,40.1,78.4
1,431,390,496,885,321,247,40.2,78.5
1,432,461,485,890,320,244,40.2,78.6
1,432,390,496,894,321,250,40.3,78.6
1,436,386,496,894,322,249,40.3,78.7
1,432,384,496,892,320,245,40.4,78.7
1,440,382,499,899,325,253,40.4,78.80001
1,432,379,496,894,258,245,40.5,78.9
1,432,375,496,897,320,253,40.5,79
1,432,370,495,906,319,249,40.5,78.9
1,439,378,502,896,321,209,40.6,78.80001
1,436,369,498,909,322,255,40.7,78.9
1,445,380,506,906,326,256,40.7,79
1,444,379,506,905,325,254,40.7,79
1,435,366,496,912,322,256,40.7,79.20001
1,383,383,463,817,288,186,40.8,79.6
1,400,402,490,819,292,180,39.6,56.4
1,406,410,500,817,290,182,39.6,59.9
1,403,416,503,828,284,181,39.6,63.4
1,421,418,522,833,286,186,39.5,66.30001
1,424,423,523,834,296,190,39.5,69
1,432,429,522,843,297,192,39.5,71.4
1,439,437,526,843,290,187,39.5,73.4
1,442,434,528,848,302,192,39.5,75.1
1,449,438,531,852,303,194,39.5,76.8
1,448,439,528,858,294,201,39.5,78.20001
1,458,446,475,857,304,197,39.5,79.6
1,461,457,541,861,304,197,39.6,80.70001
1,459,450,688,881,302,196,39.5,81.6
1,471,458,537,864,303,199,39.6,82.5
1,482,461,542,870,306,199,39.6,83.20001
1,467,449,528,882,304,201,39.6,84.1
1,490,461,532,879,307,192,39.7,85
1,496,463,529,882,313,207,39.7,85.70001
1,490,455,528,886,304,203,39.7,86.20001
1,485,451,521,899,308,205,39.7,86.8
1,497,458,529,885,315,207,39.7,87.3
1,501,456,528,886,317,208,39.7,87.80001
1,498,455,528,896,315,207,39.7,88.20001
1,498,448,501,902,297,207,39.8,88.6
1,499,442,490,911,320,211,39.8,88.9
1,503,439,490,906,321,209,39.8,89.20001
1,506,432,483,915,327,213,39.9,89.40001
1,505,430,485,919,316,214,39.9,89.6
1,525,438,486,913,320,209,39.9,89.7
1,522,433,486,917,324,215,40,89.8
1,519,427,479,927,324,216,40,89.90001
1,526,427,485,928,324,215,40,90
1,511,423,474,868,319,215,40.1,90.2
1,421,560,503,831,304,29,40.1,90.5
1,431,591,509,830,295,27,39.9,63.5
1,431,591,483,836,290,27,39.9,64.5
1,432,583,518,834,294,31,39.8,65.70001
1,433,580,492,832,303,34,39.8,67
1,439,586,532,830,299,31,39.9,68
1,434,580,531,830,302,37,39.8,69
1,438,576,528,839,297,38,39.9,69.9
1,434,566,534,827,304,41,39.9,70.70001
1,439,573,528,828,304,37,39.9,71.30001
1,438,560,525,834,305,45,39.9,71.9
1,407,546,519,835,306,43,40,72.3
1,439,549,507,842,304,41,39.9,72.7
1,462,526,496,843,304,46,40,72.9
1,442,528,498,831,310,43,40,73
1,450,441,501,865,309,46,40,73.20001
1,435,521,504,831,310,47,40,73.4
1,432,500,498,841,320,48,40.1,73.80001
1,442,433,510,833,311,50,40.1,74.3
1,431,494,501,843,309,48,40.1,74.9
1,461,503,510,833,315,48,40.2,75.5
1,433,496,499,827,320,47,40.2,75.9
1,443,498,510,838,314,47,40.2,76.2
1,441,487,432,832,318,48,40.2,76.6
1,435,495,511,833,318,48,40.2,77
1,433,483,517,839,315,48,40.3,77.4
1,432,477,507,841,320,49,40.3,77.7
1,443,485,511,843,317,48,40.3,78
1,446,469,508,848,304,51,40.3,78.3
1,448,478,511,848,316,50,40.4,78.7
1,433,464,522,847,323,51,40.4,79.1
1,443,475,523,852,315,49,40.4,79.5
1,445,470,523,853,317,50,40.4,79.8
1,436,464,527,849,328,54,40.5,80
1,435,464,535,856,327,55,40.5,80.30001
1,448,471,544,858,321,49,40.6,80.6
1,450,472,528,848,328,51,40.6,80.80001
1,438,454,527,861,314,57,40.7,81
1,329,457,497,750,283,16,40.7,81.4
1,327,463,511,739,288,16,39.9,44.1
1,334,479,523,747,276,16,40,45.9
1,337,485,529,731,279,15,40,47.6
1,330,486,528,751,285,18,40,49.3
1,330,491,538,741,289,16,40.1,51
1,339,496,538,754,289,18,40.1,52.5
1,350,509,550,753,287,16,40.2,54
1,343,503,553,749,295,17,40.2,55.3
1,358,519,550,766,295,17,40.2,56.6
1,367,519,554,742,288,16,40.3,57.7
1,368,507,543,768,290,21,40.4,58.8
1,361,509,543,757,298,17,40.4,59.9
1,364,502,553,770,299,19,40.5,60.9
1,380,522,547,775,291,22,40.5,61.8
1,368,506,563,784,301,18,40.6,62.6
1,371,507,538,765,304,17,40.7,63.4
1,384,523,557,768,294,17,40.7,64.1
1,384,519,558,774,302,16,40.7,64.6
1,397,523,556,784,297,24,40.8,65.2
1,398,525,550,785,297,21,40.9,65.8
1,401,521,556,789,301,17,40.9,66.4
1,392,511,547,784,305,21,40.9,66.9
1,405,521,557,793,298,22,41,67.4
1,352,522,559,770,287,19,41.1,67.9
1,405,501,560,789,308,24,41.2,68.4
1,403,498,559,752,309,27,41.2,68.80001
1,433,519,560,803,294,23,41.2,69.3
1,422,511,557,807,304,27,41.2,69.6
1,416,505,563,801,307,21,41.3,70
1,416,509,565,842,307,21,41.3,70.3
1,426,499,558,811,314,28,41.4,70.70001
1,432,505,568,738,309,23,41.4,71
1,429,502,567,815,310,22,41.4,71.30001
1,427,496,567,816,314,23,41.5,71.6
1,423,491,574,816,319,1,41.5,71.9
1,432,545,572,823,313,30,41.6,72.20001
1,332,416,419,774,289,167,41.7,72.6
1,336,432,432,773,306,172,41.2,46.8
1,338,432,426,795,299,173,41.2,48.2
1,336,432,438,774,302,169,41.2,49.7
1,343,567,435,783,347,176,41.2,51
1,351,440,432,776,304,176,41.1,52.2
1,341,438,437,773,304,172,41.2,53.4
1,362,441,427,769,305,176,41.2,54.7
1,359,447,432,781,315,176,41.2,55.7
1,351,445,446,789,304,176,41.3,56.7
1,353,447,451,789,305,176,41.3,57.5
1,354,453,452,782,314,176,41.3,58.4
1,361,446,459,784,316,179,41.4,59.2
1,369,455,464,793,310,179,41.4,60
1,371,449,543,785,320,181,41.4,60.7
1,342,443,483,789,315,178,41.4,61.3
1,376,447,475,787,337,184,41.5,61.9
1,407,449,474,794,321,186,41.5,62.5
1,371,450,486,799,313,184,41.6,63.3
1,425,437,499,799,321,181,41.6,64
1,384,446,487,797,322,189,41.7,64.5
1,385,445,496,806,319,190,41.7,65.1
1,378,446,496,810,333,187,41.7,65.4
1,386,442,421,805,324,191,41.7,65.8
1,401,587,445,763,273,165,41.8,66
1,403,589,454,774,272,165,40.1,59.7
1,412,591,460,778,275,167,40,62.2
1,411,580,471,800,279,166,39.9,64.4
1,432,583,476,782,283,173,39.8,66.5
1,439,576,477,785,289,175,39.8,68.4
1,437,609,492,801,282,176,39.7,70.2
1,444,567,496,810,291,176,39.7,71.8
1,445,453,491,812,285,172,39.7,73.3
1,458,571,480,813,304,181,39.6,74.6
1,458,568,494,821,291,185,39.6,75.8
1,459,567,496,821,293,187,39.6,76.9
1,464,563,498,826,294,189,39.6,77.9
1,474,560,500,825,304,183,39.5,78.9
1,477,560,497,829,304,188,39.5,79.8
1,471,467,508,837,299,193,39.5,80.70001
1,482,550,507,838,307,182,39.5,81.4
1,479,555,503,843,304,194,39.6,82.1
1,479,535,497,917,308,191,39.5,82.6
1,487,544,496,848,304,195,39.5,83.1
1,491,539,496,849,306,195,39.5,83.5
1,485,518,496,860,306,194,39.5,83.8
1,479,521,496,861,304,195,39.5,84.1
1,485,523,493,854,306,199,39.5,84.3
1,493,507,482,853,213,198,39.5,84.6
1,489,510,484,855,315,202,39.5,84.8
1,495,497,485,865,317,197,39.5,85.1
1,496,503,493,871,318,201,39.6,85.4
1,497,507,496,871,315,206,39.6,85.70001
1,493,491,538,878,318,198,39.6,86.1
1,494,486,487,882,315,202,39.6,86.4
1,496,481,462,885,320,201,39.6,86.8
1,496,478,499,862,321,201,39.6,87
1,489,484,485,893,320,202,39.7,87.3
1,496,478,475,883,323,206,39.7,87.5
1,502,482,471,881,321,208,39.7,87.7
1,501,465,531,899,325,203,39.7,88
1,496,479,491,895,320,209,39.7,88.20001
1,321,304,386,733,269,156,39.7,88.70001
1,317,322,386,720,270,162,38.7,51.2
1,336,321,385,726,275,155,38.7,54.2
1,338,320,397,735,270,164,38.7,56.8
1,343,320,400,737,278,162,38.7,59.1
1,356,329,399,742,281,165,38.7,61.2
1,355,333,388,734,283,163,38.7,63.1
1,368,336,391,745,285,167,38.7,64.5
1,368,340,393,736,288,174,38.8,66.1
1,362,337,400,742,281,177,38.8,67.8
1,362,336,401,736,281,177,38.8,69.3
1,368,336,405,832,284,179,38.8,70.70001
1,384,348,395,749,292,176,38.8,71.8
1,383,333,406,752,287,178,38.8,72.8
1,386,338,400,757,293,176,38.9,73.80001
1,391,347,391,753,295,181,38.9,74.70001
1,384,345,390,757,301,181,38.9,75.6
1,392,330,401,753,290,179,38.9,76.30001
1,385,341,395,757,305,184,39,76.8
1,400,338,389,755,302,192,39,77.20001
1,385,320,395,755,293,191,39,77.5
1,389,336,387,755,303,190,39,77.6
1,403,320,393,769,304,187,39.1,77.6
1,391,331,385,755,301,192,39.1,77.7
1,400,324,384,781,306,240,39.1,77.8
1,403,321,387,773,305,189,39.2,78
1,407,315,398,811,302,197,39.2,78.20001
1,412,315,398,766,304,193,39.2,78.6
1,405,321,390,775,307,191,39.2,79
1,400,315,400,763,304,197,39.2,79.5
1,403,323,387,675,311,259,39.3,79.9
1,418,305,434,778,304,198,39.3,80.2
1,411,304,491,766,309,199,39.3,80.4
1,419,310,475,780,315,193,39.4,80.5
1,416,307,466,781,313,193,39.4,80.4
1,412,304,444,768,310,196,39.4,79.8
1,420,289,433,770,307,211,39.5,78.7
1,418,288,428,780,306,194,39.5,77.5
1,415,289,417,765,305,199,39.5,76.8
1,425,298,411,763,306,198,39.6,76.4
1,418,288,416,761,305,199,39.6,76.4
1,425,287,416,765,305,197,39.6,76.70001
1,425,291,409,775,314,195,39.6,77.1
1,409,299,395,780,317,193,39.7,77.6
1,426,283,405,762,307,198,39.7,77.8
1,365,303,378,749,287,172,39.7,77.5
1,356,316,381,765,291,168,39.7,51.6
1,365,289,385,752,287,174,39.7,53.2
1,346,339,383,767,298,165,39.7,54.8
1,368,336,390,775,296,171,39.7,56.2
1,368,336,394,746,295,169,39.7,57.5
1,365,351,398,723,299,171,39.7,58.9
1,368,350,323,762,294,176,39.7,60
1,368,347,408,775,300,175,39.7,61.1
1,368,368,438,784,305,172,39.8,62.10001
1,375,358,411,784,307,172,39.8,63
1,361,368,416,717,304,176,39.8,63.7
1,368,366,416,774,307,178,39.9,64.4
1,378,367,419,787,320,176,39.9,65
1,368,368,464,783,304,182,39.9,65.8
1,381,362,432,783,307,179,40,66.6
1,375,378,433,786,317,181,40,67.5
1,370,369,393,785,309,183,40.1,68.20001
1,384,365,435,788,441,185,40.1,69
1,369,378,433,790,314,188,40.2,69.9
1,388,366,447,806,323,180,40.2,70.70001
1,390,366,445,811,321,181,40.2,71.4
1,391,362,445,810,325,181,40.2,72
1,393,362,448,817,322,151,40.3,72.5
1,394,369,445,823,335,186,40.4,72.8
1,384,381,445,817,333,194,40.4,73.20001
1,387,382,432,816,341,192,40.5,73.7
1,390,371,441,831,337,195,40.5,74.1
1,391,386,440,837,338,198,40.6,74.5
1,399,368,461,835,351,192,40.7,74.8
1,397,368,450,823,353,193,40.7,74.8
1,387,355,453,842,350,191,40.8,74.6
1,393,352,448,837,345,191,40.8,74.3
1,384,358,450,839,347,189,40.9,74.1
1,384,347,448,837,352,190,40.9,73.9
1,383,365,435,827,354,197,41,73.80001
1,375,356,446,833,349,195,41.1,73.7
1,382,340,443,833,356,192,41.1,73.6
1,371,354,470,845,353,186,41.2,73.5
1,308,294,333,723,286,163,41.2,73.80001
1,319,314,354,731,291,158,40.6,48.7
1,326,315,349,737,282,155,40.6,51.8
1,336,336,369,739,291,160,40.5,54.8
1,341,323,374,739,292,164,40.6,57.3
1,343,336,377,753,294,169,40.5,59.60001
1,353,336,407,759,299,176,40.5,62.2
1,350,339,386,752,294,172,40.6,64.4
1,340,337,384,752,291,173,40.5,66.5
1,379,356,392,765,298,177,40.6,68.5
1,371,359,399,757,298,178,40.6,70.1
1,366,351,403,775,323,182,40.6,71.70001
1,370,360,446,821,308,188,40.7,73.3
1,394,353,400,784,302,183,40.7,74.8
1,394,355,406,797,304,192,40.7,76
1,394,369,403,789,304,183,40.7,77.20001
1,398,359,421,805,320,194,40.7,78.20001
1,395,374,430,802,319,194,40.7,79.3
1,37,62,64,213,2,0,40.8,80.2
1,221,264,302,508,118,74,40.8,80.70001
1,375,346,468,640,192,128,40.8,81.70001
1,438,371,470,720,243,167,40.8,82.3
1,125,86,144,263,36,1,40.8,82.9
1,44,39,75,165,0,0,40.9,83.6
1,352,322,464,574,143,104,40.9,83.6
1,496,368,567,711,215,163,40.9,83.70001
1,546,383,569,770,265,193,41,83.8
1,75,47,103,187,0,0,41,84.20001
1,336,286,454,543,129,98,41,84.00001
1,550,369,624,697,204,162,41,84.8
1,594,390,624,786,272,207,41.1,85
1,92,48,122,205,0,0,41,84.6
1,370,271,472,551,128,106,41.1,85.70001
1,418,610,533,784,274,23,41.1,85.6
1,418,595,528,803,278,28,37.1,68.6
1,415,599,528,800,337,27,37.2,70.9
1,428,592,510,810,274,23,37.2,72.7
1,423,592,501,784,275,30,37.2,74.20001
1,422,590,499,817,282,33,37.2,75.5
1,432,582,499,823,285,33,37.3,76.4
1,434,575,522,830,279,33,37.3,77.3
1,439,555,500,831,277,33,37.3,78.1
1,430,576,509,829,291,33,37.4,79.1
1,442,574,505,831,278,32,37.4,79.9
1,434,570,528,843,285,38,37.4,80.70001
1,448,560,491,848,287,37,37.5,81.4
1,445,564,495,840,287,35,37.6,82
1,437,561,489,843,291,35,37.6,82.6
1,447,560,476,848,289,41,37.7,83.1
1,461,554,471,859,293,42,37.7,83.6
1,455,539,467,863,289,41,37.7,84.00001
1,460,545,463,867,288,42,37.7,84.40001
1,454,550,455,787,286,38,37.8,84.7
1,450,549,446,853,278,37,37.9,85
1,455,554,433,877,290,44,37.9,85.30001
1,461,576,444,875,287,34,37.9,85.4
1,450,541,448,879,293,45,38,85.6
1,460,538,448,880,298,42,38,85.70001
1,464,535,443,883,288,41,38.1,85.9
1,461,533,436,883,292,43,38.1,86.20001
1,465,537,415,897,285,45,38.2,86.4
1,464,527,415,891,291,39,38.2,86.6
1,365,496,407,752,266,16,38.3,86.90001
1,367,496,411,750,266,16,37.6,53.6
1,368,495,411,754,265,16,37.5,55.8
1,379,491,426,755,262,15,37.5,58.1
1,386,487,421,757,240,16,37.5,60.3
1,387,477,431,762,269,16,37.5,62.3
1,395,471,420,761,272,16,37.5,64.20001
1,402,466,419,763,272,16,37.6,66
1,407,477,407,764,272,17,37.6,67.7
1,411,470,402,758,270,15,37.6,69.20001
1,325,761,624,752,272,15,37.7,71.70001
1,336,738,608,752,267,9,37.6,56
1,336,733,598,709,275,16,37.5,58
1,335,726,580,761,277,16,37.5,60
1,340,672,571,771,279,16,37.6,62
1,358,692,560,775,280,16,37.6,63.7
1,350,689,542,771,282,16,37.6,65.2
1,347,682,565,780,285,14,37.6,66.6
1,343,675,563,780,288,16,37.6,67.9
1,359,509,566,783,287,17,37.6,68.9
1,359,661,560,795,293,20,37.6,69.6
1,361,656,557,799,287,21,37.6,70.2
1,365,651,545,795,301,21,37.7,70.8
1,371,633,528,796,291,119,37.7,71.4
1,369,624,526,805,301,22,37.7,72
1,455,623,510,801,302,22,37.8,72.5
1,370,606,503,896,304,23,37.8,72.9
1,371,595,499,816,302,29,37.9,73.3
1,336,590,496,816,304,24,37.9,73.5
1,382,576,492,816,304,22,38,73.80001
1,385,569,491,813,304,22,38,74
1,381,567,470,820,303,19,38,74.4
1,384,545,466,819,305,21,38.1,74.6
1,384,589,467,823,306,25,38.1,74.6
1,380,535,467,821,311,23,38.1,74.8
1,386,530,464,957,305,21,38.2,75
1,329,1123,550,699,307,3,38.3,75.3
1,321,1115,553,709,261,14,36.7,53.2
1,336,1099,543,708,256,11,36.7,55.2
1,328,1098,549,717,266,13,36.8,56.9
1,336,1077,540,715,265,2,36.8,58.4
1,367,1058,528,720,267,7,36.8,59.9
1,350,1046,522,719,269,16,36.8,61.3
1,359,992,506,722,272,14,36.9,62.4
1,353,1011,509,733,271,16,36.9,63.4
1,366,1104,667,731,269,16,36.9,64.5
1,357,1210,674,739,271,17,37,65.6
1,362,1286,707,744,271,17,37,66.1
1,366,1232,667,739,164,16,37.1,66.2
1,368,1168,591,755,270,14,37.1,65.5
1,384,1114,550,749,272,17,37.1,64.9
1,368,1075,519,752,275,18,37.2,64.5
1,370,1043,496,672,272,16,37.2,64.20001
1,361,1015,496,754,281,19,37.3,64.1
1,357,1002,496,752,281,18,37.3,64
1,368,965,495,752,307,17,37.4,64
1,358,952,496,752,283,22,37.4,64.1
1,359,930,496,761,285,21,37.5,64.3
1,364,924,655,768,287,0,37.5,64.5
1,362,905,605,768,288,24,37.6,64.8
1,367,909,578,762,288,20,37.7,65.1
1,369,881,546,761,283,19,37.7,65.4
1,369,880,538,773,290,27,37.7,65.9
1,363,869,528,779,294,25,37.8,66.4
1,368,860,515,777,291,23,37.9,66.70001
1,331,640,560,781,274,16,38,67.5
1,340,640,562,730,275,19,38.2,50.4
1,342,652,557,730,255,16,38.2,52.8
1,341,662,559,733,277,19,38.2,54.9
1,354,673,547,732,283,19,38.2,56.9
1,361,667,539,733,290,21,38.2,58.7
1,352,675,543,736,285,23,38.2,60.2
1,365,674,533,654,285,26,38.3,61.6
1,368,667,518,746,287,27,38.3,62.7
1,368,659,510,747,287,29,38.4,63.5
1,371,659,506,749,287,28,38.4,64.20001
1,372,656,499,741,289,32,38.5,65
1,380,634,487,751,288,31,38.5,65.8
1,379,643,487,752,290,32,38.5,66.4
1,378,637,487,755,290,34,38.6,66.70001
1,389,623,464,746,282,29,38.6,66.70001
1,386,624,464,745,289,34,38.7,66.8
1,391,607,448,757,301,34,38.7,67.1
1,395,614,450,758,288,37,38.8,67.3
1,386,606,453,759,290,35,38.8,67.6
1,392,598,448,757,289,33,38.9,67.9
1,398,592,447,753,289,33,38.9,68.1
1,390,589,443,764,289,37,39,68.20001
1,397,586,439,762,290,39,39.1,68.3
1,400,577,432,758,289,35,39.1,68.3
1,401,551,472,758,319,41,39.2,68.1
1,405,567,433,763,290,38,39.2,68
1,400,561,432,766,292,40,39.3,68.20001
1,402,555,425,765,291,38,39.3,68.6
1,407,560,503,763,327,32,39.4,69
1,410,548,427,766,291,39,39.5,69.6
1,410,543,432,763,289,37,39.5,70.2
1,582,718,312,755,272,23,39.7,72.3
1,576,751,453,764,272,26,38.9,52.9
1,575,768,464,768,273,27,38.8,55.6
1,575,773,467,772,272,29,38.7,58
1,573,794,491,781,275,31,38.7,60.3
1,579,803,497,784,275,32,38.7,62.4
1,574,813,502,788,278,32,38.7,64.4
1,579,814,499,788,272,26,38.7,66.2
1,590,816,509,788,274,32,38.7,67.7
1,394,1035,464,784,278,25,38.7,70.6
1,400,1028,482,784,270,21,38.3,51.4
1,410,1023,486,784,270,19,38.3,52.8
1,394,1033,496,799,275,26,38.3,54.1
1,391,1028,495,804,275,23,38.3,55.1
1,394,1017,487,804,275,29,38.3,56.1
1,398,1014,481,814,282,30,38.3,57
1,402,1004,448,812,277,27,38.4,58
1,399,995,432,815,276,26,38.5,59
1,394,991,426,822,282,30,38.5,59.8
1,400,1001,400,815,274,25,38.5,60.5
1,398,958,407,816,278,113,38.6,60.6
1,391,950,399,932,285,30,38.6,60.4
1,384,944,388,848,283,32,38.7,60.5
1,387,927,373,833,287,31,38.7,60.5
1,387,903,354,832,285,29,38.7,60.5
1,387,897,369,822,383,26,38.8,60.7
1,384,891,369,832,282,27,38.8,60.8
1,400,880,369,832,283,15,38.8,60.9
1,384,883,383,843,291,33,38.9,60.9
1,381,880,389,839,291,31,38.9,60.5
1,381,874,385,844,296,32,39,60.1
1,382,862,394,845,294,32,39,60
1,379,847,389,836,289,29,39,59.8
1,336,1211,499,752,260,16,39.1,60.2
1,368,1168,516,750,262,16,38.2,48.5
1,357,1158,528,752,262,14,38.2,51.2
1,367,1129,531,754,261,15,38.1,53.7
1,382,1111,544,767,272,18,38.1,56.1
1,387,1091,595,768,272,18,38.1,58.5
1,390,1066,546,762,271,16,38,60.7
1,400,1232,563,774,276,22,38,62.7
1,400,1038,558,770,272,18,38.1,64.4
1,409,1036,563,782,279,22,38,66
1,405,1012,555,779,279,22,38,67.5
1,417,989,539,775,309,0,38,68.80001
1,415,975,533,784,289,19,38.1,70
1,432,952,533,793,286,27,38,71.2
1,423,947,527,814,283,22,38,72.20001
1,432,944,530,794,287,29,38.1,73
1,437,941,528,800,285,29,38.1,73.9
1,441,917,522,802,287,25,38.1,74.70001
1,443,915,522,808,294,29,38.1,75.4
1,438,896,501,797,286,25,38.1,76.1
1,442,889,499,799,293,22,38.1,76.8
1,448,887,499,814,294,28,38.1,77.4
1,438,873,495,805,295,29,38.1,77.9
1,448,867,496,816,299,30,38.1,78.20001
1,444,863,495,807,301,27,38.1,78.5
1,448,853,496,816,303,29,38.1,78.9
1,417,844,496,813,303,30,38.2,79.20001
1,447,822,486,815,298,29,38.2,79.4
1,444,814,484,818,298,29,38.2,79.6
1,405,1053,498,787,290,17,38.2,80.2
1,417,1022,509,789,272,17,37.9,60.6
1,426,1008,527,794,291,17,37.9,62.8
1,423,995,521,784,285,16,37.8,64.70001
1,430,987,519,791,287,16,37.8,66.6
1,445,979,523,806,295,22,37.8,68.4
1,445,976,534,798,295,21,37.7,70.1
1,454,971,542,810,301,23,37.7,71.70001
1,447,960,543,804,295,18,37.7,73.1
1,460,954,545,819,304,25,37.7,74.4
1,464,953,547,816,304,21,37.7,75.6
1,464,946,542,823,306,27,37.7,76.6
1,461,928,523,819,301,22,37.7,77.7
1,471,933,537,832,310,30,37.7,78.6
1,473,916,518,833,306,33,37.8,79.6
1,464,992,496,830,305,29,37.8,80.4
1,471,899,494,833,307,27,37.8,81.1
1,478,897,505,845,315,32,37.9,81.8
1,474,895,506,848,318,33,37.8,82.40001
1,507,891,499,838,312,27,37.9,83
1,483,885,510,850,317,33,37.9,83.6
1,485,912,517,850,318,34,37.9,84.20001
1,489,874,509,894,320,29,38,84.7
1,483,860,506,858,320,33,38,85.2
1,483,858,484,850,320,30,38,85.6
1,480,847,475,855,317,31,38,86
1,482,848,480,866,269,31,38.1,86.50001
1,490,848,490,864,323,35,38.1,86.8
1,496,845,489,858,325,41,38.1,87.1
1,492,836,493,870,325,35,38.1,87.40001
1,487,833,476,864,326,33,38.2,87.7
1,491,827,477,878,330,37,38.2,87.9
1,495,821,483,877,331,37,38.2,88.1
1,494,843,481,880,333,37,38.2,88.20001
1,493,815,465,871,326,33,38.3,88.30001
1,487,810,450,869,327,28,38.3,88.4
1,488,805,449,879,336,38,38.3,88.5
1,494,791,447,886,334,39,38.4,88.5
1,481,780,435,884,331,38,38.4,88.6
1,318,597,527,723,281,16,38.4,88.6
1,309,656,527,720,223,11,36.6,52
1,318,687,528,725,275,13,36.5,54.1
1,317,719,528,714,278,16,36.5,56.1
1,321,740,528,720,279,15,36.5,57.9
1,330,750,528,726,282,15,36.5,59.7
1,334,748,522,731,285,16,36.6,61.2
1,334,749,511,734,286,17,36.6,62.4
1,347,748,509,735,286,18,36.6,63.6
1,338,753,509,730,287,16,36.6,64.6
1,337,740,497,762,283,17,36.7,65.5
1,350,751,504,739,285,16,36.7,66.30001
1,349,741,497,733,287,15,36.7,67.1
1,350,730,497,747,287,17,36.7,67.7
1,359,686,503,745,291,17,36.8,68.4
1,353,729,489,742,286,16,36.8,69.1
1,358,721,491,752,293,18,36.9,69.70001
1,387,720,501,752,303,20,36.9,70.2
1,365,713,480,752,294,19,37,70.70001
1,352,716,478,749,293,14,37,71.2
1,375,707,480,752,299,20,37.1,71.70001
1,377,706,475,758,297,19,37.2,72.20001
1,373,687,464,759,294,20,37.2,72.7
1,382,688,464,765,301,19,37.2,73.1
1,384,686,461,752,299,17,37.3,73.4
1,374,677,448,758,295,19,37.3,73.6
1,378,673,448,758,301,20,37.4,73.80001
1,341,558,442,720,276,169,37.5,74.1
1,341,560,431,746,276,172,37.5,58.8
1,343,468,435,725,279,176,37.5,60.7
1,347,510,437,726,279,174,37.5,62.4
1,362,573,451,701,287,176,37.5,64.1
1,363,563,448,729,284,176,37.5,65.6
1,369,576,453,719,289,176,37.5,66.9
1,368,572,450,723,289,176,37.5,68.1
1,368,563,451,735,292,181,37.5,69.1
1,374,556,453,730,294,180,37.5,69.9
1,380,569,461,734,293,183,37.6,70.70001
1,370,567,453,733,291,178,37.6,71.6
1,386,563,461,742,298,183,37.6,72.4
1,379,558,455,741,299,196,37.6,73.20001
1,394,567,462,736,302,186,37.7,73.80001
1,389,555,457,747,350,189,37.7,74.4
1,390,560,464,637,301,187,37.7,75
1,397,560,464,735,301,185,37.7,75.5
1,384,545,458,747,299,186,37.8,76.1
1,393,543,462,751,301,0,37.8,76.70001
1,387,543,449,750,297,57,37.8,77.1
1,401,553,469,751,305,62,37.9,77.5
1,401,545,469,752,308,64,37.9,78
1,394,542,451,757,307,64,38,78.5
1,407,548,473,739,309,67,38,79
1,407,546,473,752,306,64,38,79.4
1,400,533,470,764,304,75,38.1,79.70001
1,398,532,469,763,307,48,38.1,80
1,406,531,496,762,310,69,38.2,80.30001
1,423,538,478,774,309,65,38.2,80.6
1,407,531,467,757,304,64,38.2,80.80001
1,407,528,466,768,313,64,38.3,81
1,413,525,527,764,305,70,38.3,81.20001
1,403,522,465,774,306,113,38.3,81.3
1,418,528,474,763,311,117,38.4,81.4
1,406,521,541,769,307,85,38.4,81.4
1,400,511,464,775,312,115,38.4,81.6
1,336,624,358,723,270,16,38.5,81.8
1,338,598,363,726,275,16,37.6,51.7
1,353,590,355,729,277,14,37.6,54.5
1,361,573,379,731,326,16,37.6,57
1,371,574,386,734,286,16,37.6,59.4
1,368,566,382,737,275,17,37.6,61.6
1,381,577,387,726,285,16,37.6,63.6
1,384,578,382,735,285,16,37.7,65.4
1,384,587,383,736,285,0,37.7,66.9
1,394,587,379,721,289,17,37.7,68.3
1,394,603,371,746,288,18,37.7,69.6
1,400,605,367,742,285,18,37.7,70.70001
1,394,594,359,754,288,21,37.8,71.70001
1,400,609,359,750,286,16,37.8,72.6
1,400,606,366,755,291,21,37.9,73.4
1,401,609,363,762,291,21,37.9,74.20001
1,404,624,368,755,287,17,38,74.9
1,413,629,370,755,291,16,38,75.8
1,412,633,368,768,286,19,38.1,76.5
1,411,640,410,755,286,21,38.1,77.20001
1,428,645,379,769,295,23,38.1,77.9
1,410,651,373,770,294,19,38.2,78.5
1,427,662,384,775,297,26,38.2,79.20001
1,430,675,381,773,296,19,38.3,79.8
1,432,679,379,782,299,26,38.4,80.4
1,434,690,381,782,296,21,38.4,80.9
1,432,689,368,785,304,27,38.4,81.50001
1,441,706,384,785,301,26,38.5,82
1,416,725,391,784,301,27,38.6,82.40001
1,431,715,398,799,302,31,38.7,82.80001
1,432,720,387,811,297,75,38.7,83.20001
1,481,733,390,811,294,32,38.7,83.4
1,447,741,399,814,294,28,38.8,83.70001
1,448,752,406,802,304,29,38.8,83.9
1,447,755,400,821,300,29,38.9,84.20001
1,444,751,400,823,304,32,38.9,84.5
1,450,765,407,815,304,31,39,84.90001
1,454,771,405,830,302,28,39,85.30001
1,455,787,412,827,310,30,39.1,85.6
1,452,782,406,837,305,33,39.1,86
1,443,782,402,833,304,33,39.2,86.50001
1,461,804,441,839,310,33,39.2,86.70001
1,465,798,401,839,305,32,39.2,87
1,466,798,403,851,305,33,39.3,87.1
1,467,797,413,849,304,33,39.3,87.40001
1,466,801,401,855,304,38,39.4,87.6
1,470,803,397,876,305,35,39.4,87.80001
1,470,800,409,861,315,38,39.4,88.1
1,480,782,413,855,314,34,39.5,88.30001
1,398,529,381,772,285,171,39.6,88.6
1,417,546,391,775,288,173,39.3,60.7
1,411,541,395,775,282,171,39.3,62.10001
1,407,539,397,779,278,175,39.2,63.5
1,411,541,399,778,279,175,39.2,64.9
1,415,534,431,774,283,178,39.2,66.30001
1,423,537,401,775,288,178,39.2,67.7
1,423,531,286,767,290,179,39.2,69.1
1,432,534,397,767,285,178,39.2,70.5
1,432,528,391,793,289,182,39.2,71.70001
1,432,522,383,775,283,186,39.2,72.8
1,441,527,393,770,288,183,39.1,73.80001
1,443,377,389,765,295,191,39.2,74.70001
1,449,522,394,769,287,186,39.1,75.4
1,450,518,397,694,290,192,39.1,76.1
1,448,506,400,772,295,193,39.2,76.70001
1,455,508,397,769,294,194,39.2,77.3
1,448,495,385,774,300,195,39.2,78
1,456,497,383,766,295,195,39.2,78.4
1,455,495,376,771,296,201,39.2,78.7
1,453,486,368,782,290,194,39.2,79.1
1,449,471,359,777,296,197,39.2,79.4
1,451,471,353,774,297,194,39.2,79.70001
1,454,470,242,782,289,198,39.2,79.9
1,454,464,384,782,289,202,39.2,79.9
1,361,747,662,723,274,162,39.3,79.9
1,356,743,638,729,277,167,38.5,47.5
1,368,753,624,734,275,165,38.5,49.5
1,368,740,595,739,282,169,38.6,51.6
1,368,736,576,743,282,171,38.5,53.6
1,384,740,573,751,275,170,38.6,55.5
1,384,722,557,752,283,174,38.6,57.3
1,399,728,553,749,282,168,38.6,59.1
1,402,723,544,755,285,170,38.7,60.6
1,422,717,541,752,289,170,38.7,61.9
1,406,709,542,819,293,176,38.7,63.4
1,347,695,529,766,289,176,38.7,64.70001
1,423,700,530,769,289,181,38.8,65.8
1,415,688,529,773,299,178,38.9,67
1,429,690,529,778,291,183,38.9,67.9
1,433,691,528,774,300,177,39,68.5
1,432,681,523,784,300,181,39,69.3
1,440,686,533,776,301,176,39.1,70.1
1,436,672,531,777,304,182,39.1,70.8
1,448,679,530,784,304,143,39.1,71.70001
1,448,670,518,794,300,182,39.2,72.4
1,451,667,522,787,304,179,39.3,73.1
1,455,662,521,802,303,179,39.3,73.80001
1,458,659,518,793,308,181,39.4,74.5
1,458,654,510,797,307,180,39.4,75.1
1,453,640,529,746,313,185,39.5,75.6
1,464,649,576,801,313,181,39.5,76.1
1,457,639,562,815,315,187,39.6,76.6
1,466,643,560,816,315,186,39.6,77
1,465,642,556,811,315,182,39.7,77.3
1,457,625,547,817,320,188,39.7,77.6
1,470,637,551,819,320,185,39.8,77.8
1,481,567,553,823,320,187,39.8,78
1,464,622,573,811,320,192,39.8,78.3
1,461,620,583,827,321,192,39.8,78.5
1,467,624,586,825,321,196,39.9,78.80001
1,462,617,570,835,320,192,40,79
1,331,526,502,729,267,145,40,79.70001
1,319,542,498,727,272,147,38.4,48.7
1,336,563,496,734,270,145,38.3,50.4
1,336,573,485,745,268,132,38.3,52
1,333,572,480,747,272,154,38.2,53.5
1,335,572,490,739,272,151,38.2,54.7
1,335,573,478,746,273,152,38.1,55.8
1,342,579,470,752,270,150,38.1,56.8
1,336,544,466,752,273,153,38,57.8
1,340,573,466,752,274,155,38,58.7
1,345,577,443,746,273,155,38,59.7
1,352,577,462,762,272,154,38,60.6
1,347,573,459,757,274,154,38,61.5
1,354,576,450,763,272,156,37.9,62.3
1,363,582,450,771,270,154,37.9,63.1
1,356,576,393,765,276,157,37.9,63.8
1,353,574,449,770,277,158,37.9,64.4
1,361,576,449,759,275,156,37.9,64.9
1,362,571,493,770,275,157,37.9,65.6
1,369,576,476,777,272,153,37.9,66.2
1,368,571,426,768,277,157,37.9,66.9
1,368,581,400,777,163,159,38,67.5
1,368,560,382,784,272,158,38,67.9
1,368,549,379,774,277,158,38,68.20001
1,370,550,368,786,272,160,38,68.4
1,370,546,366,787,272,161,38,68.4
1,367,539,370,779,278,158,38,68.20001
1,372,539,358,791,191,155,38,68
1,367,523,355,785,274,155,38.1,68
1,368,519,341,785,272,154,38.1,67.9
1,368,506,336,784,274,164,38.1,67.6
1,368,497,330,800,271,158,38.2,67.1
1,368,496,336,797,209,156,38.2,66.70001
1,355,481,335,798,273,158,38.2,66.1
1,365,482,343,791,273,175,38.2,65.8
1,350,464,352,798,279,160,38.2,65.8
1,362,473,356,796,272,160,38.2,65.9
1,351,459,416,792,279,161,38.3,66.2
1,357,454,356,801,279,163,38.3,66.8
1,366,464,363,813,272,159,38.3,67.6
1,355,448,366,807,275,160,38.4,68.3
1,368,454,368,701,260,159,38.4,68.7
1,368,450,369,785,258,160,38.4,69.1
1,361,446,376,816,279,163,38.4,69.3
1,366,450,377,819,277,161,38.5,69.6
1,349,443,371,834,277,170,38.5,69.70001
1,373,447,384,839,280,163,38.6,70
1,373,448,398,838,289,171,38.6,70.2
1,367,435,391,845,291,175,38.6,70.70001
1,368,432,387,848,293,176,38.7,71.4
1,398,554,643,761,274,160,38.7,72.3
1,394,558,629,747,289,163,38.9,55
1,400,582,617,753,285,165,38.9,57
1,413,589,619,752,282,160,39,58.9
1,429,550,609,754,288,169,39,60.4
1,414,591,608,766,283,171,39,61.8
1,430,610,617,767,329,167,39,62.9
1,425,611,602,766,288,174,39,64.1
1,435,624,599,769,287,170,39.1,65.2
1,434,624,612,767,287,170,39.1,66.4
1,434,618,619,761,295,175,39.1,67.3
1,448,630,611,779,293,175,39.1,68.20001
1,450,633,598,775,400,174,39.1,69.1
1,446,624,590,770,302,176,39.2,70
1,450,625,582,771,301,176,39.2,70.6
1,450,629,573,784,298,175,39.2,71.2
1,454,619,563,784,304,176,39.2,71.8
1,461,623,633,785,301,179,39.3,72.3
1,464,621,568,785,298,176,39.3,72.8
1,464,609,566,784,304,175,39.3,73.4
1,459,608,553,785,304,176,39.4,73.9
1,464,597,551,798,305,179,39.4,74.5
1,464,592,547,793,307,181,39.5,75
1,469,593,546,799,297,190,39.5,75.5
1,463,580,558,787,307,179,39.5,76
1,471,582,541,802,300,177,39.6,76.4
1,450,1040,631,784,299,180,39.6,76.70001
1,433,1023,631,813,302,182,39.6,59.8
1,448,999,719,852,304,185,39.6,60.6
1,451,965,638,829,299,183,39.6,61.3
1,458,981,626,831,297,189,39.6,61.9
1,457,967,617,833,299,139,39.7,62.7
1,448,950,618,825,304,188,39.7,63.3
1,448,976,609,830,304,190,39.7,63.9
1,448,939,603,833,304,192,39.8,64.5
1,453,978,590,835,306,194,39.9,65.2
1,448,889,585,837,305,195,39.9,65.70001
1,448,912,585,839,305,179,39.9,66
1,449,903,576,839,308,194,39.9,66.30001
1,455,907,576,850,304,198,40,66.70001
1,447,887,592,843,311,199,40.1,67
1,457,889,563,851,307,202,40.1,67.4
1,453,874,554,858,305,204,40.2,67.7
1,475,876,554,854,309,201,40.2,68.1
1,453,831,539,861,317,208,40.2,68.4
1,448,850,541,861,320,203,40.3,68.6
1,451,838,530,863,319,207,40.3,68.9
1,451,837,545,862,320,208,40.4,69.20001
1,462,848,638,879,315,208,40.4,69.4
1,453,843,518,870,320,209,40.4,69.6
1,455,833,507,877,322,208,40.4,69.6
1,458,832,506,882,319,208,40.5,69.70001
1,455,827,511,881,320,210,40.6,69.9
1,451,816,506,885,320,210,40.6,69.9
1,449,817,507,894,315,208,40.6,70.1
1,449,799,490,864,325,208,40.7,70.2
1,455,795,482,899,320,210,40.7,70.4
1,448,661,484,848,318,207,40.7,70.6
1,452,778,478,906,317,209,40.7,70.9
1,455,774,482,910,320,211,40.8,71.1
1,454,772,481,906,324,208,40.8,71.1
1,448,762,480,829,242,212,40.9,71.2
1,454,759,489,918,319,209,40.9,71.30001
1,439,741,482,911,330,211,40.9,71.5
1,448,745,459,921,325,214,41,71.8
1,470,807,465,933,323,210,41,72.1
1,448,719,462,929,328,210,41.1,72.6
1,451,691,446,938,329,210,41.1,73
1,449,672,422,947,320,213,41.1,73.6
1,464,656,407,951,325,218,41.2,74.9
1,464,658,430,949,315,215,41.2,75.3
1,464,658,435,957,323,219,41.2,74.8
1,464,518,443,964,313,218,41.2,74.4
1,455,653,444,963,333,222,41.3,74.1
1,453,647,437,962,335,219,41.3,74
1,323,677,560,784,279,162,41.4,73.7
1,336,681,559,741,275,165,39.3,46.1
1,338,680,553,743,275,167,39.3,47.7
1,338,668,535,733,277,166,39.3,49
1,337,661,531,730,282,167,39.3,50.3
1,343,665,528,731,287,167,39.3,51.5
1,351,672,515,737,287,173,39.3,52.6
1,352,685,525,747,286,171,39.3,53.7
1,363,687,523,747,279,171,39.3,54.8
1,359,675,505,742,289,175,39.4,55.7
1,368,683,497,742,288,175,39.4,56.4
1,367,683,498,738,291,176,39.4,57.2
1,372,684,498,752,285,177,39.4,57.9
1,367,673,498,782,290,174,39.4,58.6
1,375,677,491,741,291,178,39.5,59.2
1,379,678,484,753,290,178,39.5,59.8
1,369,669,507,752,291,176,39.5,60.2
1,374,770,483,749,293,179,39.5,60.6
1,373,669,490,752,292,177,39.6,61.1
1,381,677,491,755,291,176,39.6,61.7
1,371,658,491,757,294,178,39.6,62.10001
1,385,656,483,754,295,184,39.7,62.6
1,384,662,492,771,291,182,39.7,63
1,384,653,496,766,294,187,39.7,63.4
1,393,651,490,768,299,187,39.7,64
1,384,656,494,776,293,186,39.8,64.4
1,385,730,486,820,299,192,39.8,64.8
1,394,657,496,783,299,190,39.8,65.1
1,384,635,487,782,302,189,39.9,65.5
1,400,641,475,784,299,195,39.9,65.6
1,365,640,478,789,301,197,39.9,65.70001
1,391,624,480,784,305,193,40,65.6
1,390,619,465,785,306,200,40,65.70001
1,404,624,464,800,303,200,40,65.70001
1,394,612,469,816,305,197,40.1,65.70001
1,400,612,457,798,305,202,40.1,65.70001
1,401,613,466,809,304,151,40.1,65.6
1,399,593,480,800,310,202,40.2,65.6
1,398,603,482,813,306,203,40.2,65.70001
1,398,599,482,816,304,205,40.2,65.8
1,400,593,477,828,320,208,40.2,66.1
1,398,675,485,763,275,155,40.2,66.4
1,404,675,483,753,278,160,39.5,54
1,406,688,496,769,273,159,39.6,55.8
1,414,695,510,771,272,163,39.6,57.4
1,427,690,510,762,283,166,39.6,58.9
1,450,688,528,766,284,162,39.6,59.9
1,429,694,528,767,283,173,39.6,61
1,426,720,528,784,274,168,39.6,62.10001
1,434,691,523,775,284,172,39.7,63.1
1,418,688,529,784,283,168,39.7,63.7
1,432,684,525,782,288,171,39.7,64.3
1,439,688,521,783,286,174,39.7,64.8
1,429,681,533,784,291,161,39.7,65.1
1,439,542,533,794,283,176,39.8,65.5
1,435,668,526,796,267,176,39.8,66.1
1,439,655,523,787,293,173,39.8,67
1,442,655,499,790,294,176,39.9,67.8
1,438,657,510,801,288,175,39.9,68.4
1,445,650,500,793,297,175,39.9,68.7
1,441,646,487,796,298,176,40,68.9
1,443,625,486,795,299,176,40,68.80001
1,438,646,496,812,295,174,40.1,68.5
1,432,635,491,814,290,176,40.1,68.7
1,440,639,495,815,334,176,40.1,69.3
1,430,627,491,805,302,176,40.1,69.8
1,446,625,485,802,303,177,40.2,70.3
1,447,623,561,810,299,178,40.2,70.70001
1,448,611,622,815,303,179,40.2,71.1
1,448,599,479,816,300,182,40.3,71.1
1,441,581,470,810,304,179,40.3,71.1
1,447,590,464,814,301,182,40.3,71.1
1,443,624,467,811,305,172,40.4,71.1
1,437,566,473,861,304,177,40.4,71.1
1,443,575,500,813,304,181,40.4,71
1,439,560,453,809,304,181,40.5,70.9
1,438,560,458,816,301,183,40.5,71
1,442,550,448,816,304,185,40.6,71.1
1,431,534,462,830,304,176,40.6,71.30001
1,434,528,462,811,305,177,40.6,71.6
1,433,501,455,822,302,161,40.6,71.9
1,432,529,450,822,304,181,40.7,72.20001
1,431,518,469,824,254,181,40.7,72.3
1,430,501,481,826,304,180,40.7,72.1
1,365,1113,651,746,275,174,40.7,71.9
1,382,1087,645,737,283,176,39.5,48.9
1,381,1040,647,749,273,191,39.5,51
1,368,1019,651,752,285,179,39.5,53
1,400,1008,643,743,289,186,39.5,55
1,401,993,641,741,290,190,39.5,56.9
1,407,991,634,746,289,192,39.5,58.5
1,404,967,681,763,291,187,39.5,59.9
1,410,973,635,752,285,196,39.6,60.8
1,418,955,614,751,283,197,39.6,61.9
1,416,942,609,752,288,204,39.6,62.8
1,426,927,592,752,292,205,39.6,63.4
1,414,883,587,767,295,202,39.6,63.8
1,423,876,565,768,296,196,39.6,63.8
1,421,829,547,767,289,210,39.7,64
1,421,807,541,768,289,211,39.7,63.9
1,427,779,574,754,292,209,39.7,64.1
1,431,761,526,766,231,213,39.7,64.3
1,417,745,533,775,298,208,39.8,63.8
1,436,737,524,780,295,210,39.8,63.5
1,418,735,499,765,302,210,39.8,63.4
1,421,736,496,758,294,218,39.9,63.6
1,405,768,639,640,299,208,39.9,63.6
1,400,750,645,769,290,208,40,63.1
1,401,745,576,755,291,208,40,61.6
1,401,624,537,758,301,198,40.1,60.3
1,386,713,528,766,293,199,40.1,59.5
1,384,703,517,763,293,197,40.1,58.9
1,387,693,502,765,293,194,40.2,58.5
1,401,689,497,763,298,192,40.2,58.2
1,390,694,485,757,289,193,40.3,57.9
1,384,677,477,759,297,188,40.3,57.8
1,386,678,467,750,298,190,40.3,57.6
1,378,681,469,747,294,190,40.4,57.4
1,398,674,463,754,290,187,40.4,57.2
1,382,666,458,743,298,183,40.5,57
1,378,657,464,752,298,172,40.5,56.9
1,380,656,465,746,298,189,40.6,56.7
1,375,658,466,877,291,180,40.6,56.5
1,376,655,462,740,294,179,40.7,56.4
1,361,651,459,694,292,178,40.7,56.4
1,366,648,464,747,290,178,40.7,56.4
1,372,642,458,742,288,176,40.8,56.4
1,367,631,459,752,289,176,40.8,56.4
1,318,539,459,688,260,146,40.9,56.3
1,323,543,415,587,267,147,39.4,48.4
1,333,556,446,688,269,148,39.3,50.2
1,327,569,447,686,261,159,39.3,51.7
1,329,562,451,688,258,158,39.3,53.4
1,348,572,439,685,265,161,39.3,54.9
1,353,569,446,687,272,161,39.2,56.5
1,353,560,450,699,270,158,39.3,57.9
1,356,560,446,699,272,161,39.3,59.2
1,354,558,444,701,273,162,39.2,60.4
1,356,560,441,699,271,163,39.2,61.7
1,374,560,432,707,274,171,39.2,62.7
1,367,554,436,699,271,172,39.2,63.7
1,373,546,429,709,272,170,39.3,64.5
1,381,553,422,695,272,173,39.3,65.4
1,385,537,423,714,274,173,39.2,66.2
1,386,546,415,702,278,176,39.3,67
1,384,538,422,714,272,176,39.3,67.7
1,384,542,453,704,275,177,39.3,68.20001
1,392,526,423,720,278,176,39.3,68.80001
1,399,523,422,720,282,174,39.3,69.1
1,400,522,415,720,286,175,39.4,69.5
1,401,519,415,723,288,176,39.4,70
1,404,522,404,720,288,176,39.4,70.5
1,399,519,405,720,287,176,39.4,71.1
1,402,503,416,725,286,180,39.4,71.70001
1,410,518,424,729,283,181,39.4,72.20001
1,405,499,422,730,292,178,39.5,72.6
1,400,497,427,724,284,182,39.5,73.1
1,416,497,425,734,294,178,39.5,73.5
1,416,507,417,722,241,185,39.5,73.9
1,410,499,417,725,289,181,39.5,74.3
1,414,491,390,742,294,179,39.6,74.5
1,409,491,414,739,290,184,39.6,74.5
1,426,493,399,742,298,176,39.6,75.3
1,426,482,397,746,299,179,39.6,75.70001
1,420,474,394,749,356,192,39.6,76.1
1,429,467,391,747,299,181,39.7,76.2
1,400,463,393,740,227,177,39.7,76.1
1,416,465,396,733,293,189,39.7,76.1
1,423,647,433,733,285,163,39.7,76.30001
1,419,650,415,735,282,169,39,53.8
1,417,672,462,731,278,173,39,55
1,433,665,528,742,288,166,39,56.5
1,425,674,483,735,285,173,38.9,58
1,421,675,496,713,286,176,39,59.60001
1,433,676,496,739,289,176,38.9,61.1
1,449,671,517,751,291,176,38.9,62.7
1,448,679,523,751,289,177,38.9,64
1,447,682,521,752,294,179,39,65.2
1,451,675,518,753,294,182,39,66.2
1,448,682,517,750,298,181,39,67.1
1,453,678,517,754,301,182,39,68.1
1,439,675,517,754,301,183,39.1,69.1
1,465,675,502,772,304,183,39.1,70.1
1,467,673,498,763,306,182,39.2,71
1,464,681,499,777,307,179,39.2,71.8
1,464,673,501,779,309,182,39.2,72.5
1,464,672,496,784,310,184,39.2,73.20001
1,464,669,496,773,307,190,39.2,73.80001
1,462,665,491,782,313,187,39.3,74.5
1,475,653,496,783,304,192,39.3,75.1
1,476,650,480,786,315,189,39.4,75.70001
1,478,652,493,790,314,187,39.4,76.2
1,460,643,496,787,309,192,39.4,76.70001
1,470,645,493,785,314,193,39.5,77.1
1,481,624,546,790,315,194,39.5,77.5
1,482,641,495,803,320,191,39.6,77.8
1,471,636,506,793,317,194,39.6,78.1
1,483,635,511,792,318,197,39.6,78.6
1,483,628,510,805,318,199,39.6,78.9
1,478,631,507,798,320,200,39.7,79.20001
1,479,640,496,815,327,196,39.7,79.5
1,471,632,494,806,325,197,39.7,79.8
1,419,767,410,732,288,180,39.8,80.2
1,427,746,426,745,288,167,38,56
1,435,749,426,746,291,171,37.9,59.3
1,455,737,435,747,283,176,37.9,62.8
1,450,753,434,738,294,173,37.8,65.9
1,459,755,432,765,299,176,37.8,68.80001
1,469,741,444,763,289,179,37.7,71.30001
1,463,745,420,779,303,175,37.7,73.7
1,482,743,449,775,293,183,37.7,75.8
1,478,754,528,789,294,161,37.7,77.8
1,482,842,448,790,305,182,37.7,79.6
1,498,747,463,786,302,193,37.7,81.1
1,506,731,469,797,301,192,37.7,82.40001
1,495,767,471,807,355,189,37.7,83.70001
1,519,755,478,801,304,194,37.7,84.7
1,507,721,467,816,314,192,37.7,85.70001
1,509,710,479,816,314,176,37.7,86.6
1,574,707,481,810,315,204,37.8,87.3
1,533,695,495,817,313,203,37.7,88
1,526,708,496,830,321,199,37.8,88.6
1,540,690,528,826,317,203,37.8,89.20001
1,535,698,521,819,320,208,37.9,89.6
1,527,694,515,828,322,204,37.9,89.90001
1,543,678,534,837,323,201,37.9,90.30001
1,549,667,552,831,320,208,38,90.6
1,544,671,542,828,371,210,38,90.9
1,546,669,546,829,327,211,38,91.1
1,550,656,549,839,326,211,38.1,91.3
1,539,666,535,834,326,214,38.1,91.6
1,560,646,541,837,325,215,38.1,91.8
1,557,642,538,845,333,215,38.2,92
1,545,653,525,847,336,213,38.2,92.2
1,546,647,523,858,337,212,38.2,92.40001
1,560,629,522,859,337,197,38.2,92.6
1,542,636,518,847,336,221,38.2,92.80001
1,563,623,537,867,341,224,38.3,93
1,560,629,500,866,353,230,38.3,93.20001
1,567,621,530,877,351,229,38.3,93.30001
1,554,631,506,882,361,226,38.4,93.5
1,560,611,521,880,355,233,38.4,93.5
1,559,605,507,887,354,230,38.5,93.70001
1,551,610,672,882,366,227,38.4,93.8
1,553,594,500,887,359,229,38.5,93.9
1,545,591,495,887,358,230,38.6,94.00001
1,554,591,627,880,368,230,38.6,94.1
1,560,580,499,880,359,235,38.6,94.1
1,545,583,488,874,362,237,38.7,94.20001
1,368,621,452,770,319,186,38.7,94.20001
1,395,604,463,773,321,178,37.8,59.8
1,387,614,448,765,325,184,37.8,62.9
1,398,605,448,770,327,182,37.8,65.8
1,390,602,450,779,319,191,37.7,68.5
1,395,603,433,774,326,187,37.7,71
1,400,593,444,759,325,185,37.7,73.1
1,395,603,448,770,321,183,37.7,75.2
1,367,603,442,784,320,193,37.8,77.20001
1,395,592,439,784,320,197,37.8,78.9
1,414,585,432,770,334,195,37.8,80.4
1,399,591,432,799,322,194,37.8,81.70001
1,405,570,429,703,334,194,37.8,82.80001
1,421,565,415,775,336,202,37.9,83.70001
1,410,576,414,790,323,197,37.9,84.6
1,416,573,410,794,323,202,38,85.2
1,407,561,417,784,332,197,38,86
1,426,545,401,795,329,204,38.1,86.8
1,427,560,407,796,327,203,38.1,87.5
1,419,550,411,795,330,181,38.1,88.1
1,425,530,395,791,336,208,38.2,88.5
1,415,531,404,784,336,201,38.2,88.9
1,415,528,402,784,338,203,38.2,89.3
1,432,533,393,801,332,203,38.3,89.6
1,434,499,392,807,330,207,38.4,89.90001
1,432,511,385,802,329,199,38.4,90.2
1,417,509,393,791,340,206,38.4,90.5
1,425,494,381,805,337,208,38.5,90.6
1,414,483,379,795,336,144,38.5,90.70001
1,437,494,378,797,331,202,38.6,90.80001
1,438,496,324,794,337,206,38.6,91
1,437,493,391,797,338,207,38.7,91.20001
1,442,492,437,794,336,205,38.7,91.4
1,448,489,398,800,338,207,38.7,91.50001
1,442,494,410,801,347,210,38.8,91.50001
1,438,491,412,818,349,209,38.8,91.50001
1,441,450,433,816,363,208,38.8,91.6
1,425,470,395,809,338,207,38.9,91.70001
1,429,479,404,818,350,217,39,91.90001
1,435,470,404,819,347,209,39,92.1
1,0,81,18,53,0,0,39.1,92.7
1,259,575,487,431,105,0,38.2,59.5
1,405,612,572,566,170,0,38.2,61.7
1,440,608,551,659,225,5,38.2,63.9
1,448,602,496,711,261,13,38.2,65.9
1,446,592,461,740,283,18,38.2,67.6
1,58,149,86,205,9,0,38.2,69
1,6,92,48,116,0,0,38.3,70.1
1,0,57,32,71,0,0,38.3,71.1
1,230,368,366,369,55,0,38.3,72.1
1,474,544,598,541,144,0,38.4,73
1,556,541,615,669,223,9,38.4,73.9
1,551,556,582,720,276,30,38.4,74.8
1,530,573,552,770,304,147,38.4,75.6
1,92,139,112,223,17,0,38.4,76.4
1,38,81,70,141,0,0,38.5,77.1
1,1,50,50,94,0,0,38.5,77.7
1,291,374,395,677,255,0,37.7,33.4
1,301,384,378,671,257,0,37.4,45
1,302,377,377,679,257,0,37.3,46.9
1,296,370,368,677,258,0,37.3,48.7
1,309,374,367,627,261,0,37.3,50.6
1,311,363,369,685,198,1,37.3,52.5
1,317,365,369,678,254,6,37.3,54.2
1,318,369,361,682,266,1,37.2,55.9
1,322,365,371,680,256,10,37.3,57.5
1,327,365,368,678,258,9,37.3,59.1
1,320,373,432,689,226,7,37.3,60.7
1,332,362,368,679,259,12,37.3,62.2
1,341,363,368,679,259,11,37.3,63.5
1,336,371,355,699,270,95,37.3,64.8
1,343,365,368,688,266,12,37.3,66
1,357,365,367,701,267,13,37.3,67.1
1,351,366,362,688,268,14,37.4,68.20001
1,359,368,343,708,272,6,37.4,69.20001
1,353,368,343,708,272,9,37.4,70.2
1,366,366,339,706,272,11,37.5,71.30001
1,391,356,347,703,270,11,37.4,72.20001
1,368,361,351,704,272,16,37.5,73.1
1,378,353,355,705,267,16,37.5,73.80001
1,374,352,369,710,270,16,37.6,74.6
1,379,367,362,720,276,14,37.6,75.3
1,388,352,368,715,271,17,37.7,76
1,381,361,364,720,275,16,37.7,76.6
1,378,366,358,729,278,14,37.7,77.3
1,396,359,368,763,275,17,37.7,77.9
1,398,346,369,721,274,18,37.7,78.5
1,395,353,365,737,279,16,37.7,79.1
1,398,384,364,723,274,19,37.8,79.6
1,400,353,355,727,285,21,37.8,80
1,391,351,343,732,283,19,37.9,80.2
1,405,336,350,739,283,18,37.9,80.4
1,407,342,351,785,285,18,37.9,80.4
1,405,343,349,752,302,16,38,80.4
1,416,353,367,753,289,25,38,80.30001
1,410,358,359,661,300,22,38,80.4
1,427,362,363,759,299,26,38,80.70001
1,415,355,363,778,295,20,38.1,81.1
1,406,366,354,770,304,17,38.1,81.6
1,415,353,354,777,304,20,38.2,82.1
1,421,346,364,769,300,25,38.2,82.5
1,422,349,356,779,305,18,38.2,82.9
1,402,357,355,768,297,25,38.2,83.20001
1,413,347,354,768,306,21,38.2,83.5
1,401,354,355,765,304,25,38.3,83.8
1,413,360,357,765,304,27,38.3,84.1
1,406,353,363,768,304,17,38.4,84.5
1,419,339,336,770,308,19,38.4,84.8
1,411,224,362,771,303,26,38.4,85.1
1,415,355,368,778,299,23,38.4,85.4
1,421,343,363,767,307,20,38.4,85.70001
1,418,356,368,778,302,27,38.5,86.1
1,411,358,372,786,303,23,38.5,86.4
1,341,279,329,736,283,6,38.6,87
1,353,298,336,739,317,11,38.3,55
1,351,290,341,740,291,9,38.3,57.3
1,356,301,357,746,300,6,38.3,59.7
1,359,315,358,719,301,4,38.3,61.9
1,363,316,393,724,301,10,38.3,63.9
1,41,42,41,192,17,0,38.3,65.8
1,0,0,0,109,0,0,38.3,67.20001
1,198,242,270,447,112,0,38.3,68.9
1,356,306,400,577,182,0,38.3,70.3
1,43,32,62,144,0,0,38.3,71.4
1,2,0,22,79,0,0,38.3,72.3
1,227,192,304,377,64,0,38.4,72.9
1,448,331,504,519,143,0,38.4,73.7
1,79,33,101,134,0,0,38.4,74.4
1,37,0,64,80,0,0,38.4,75.1
0,224,161,323,704,240,0,37.9,36.9
0,215,146,334,694,246,0,38.8,34.8
0,219,144,339,695,250,0,38.9,35.6
0,223,132,336,700,251,1,39,36.6
0,231,148,337,710,248,3,39,37.3
0,238,135,350,706,252,0,39.1,37.8
0,241,149,354,704,256,3,39.1,39.7
0,241,152,336,720,247,4,39.2,40.9
0,244,144,323,714,250,6,39.2,40.9
0,240,144,327,720,253,5,39.3,40.5
0,239,138,336,703,261,6,39.3,40
0,244,145,368,716,256,15,39.4,40
0,255,148,338,714,262,11,39.5,40.2
0,240,131,336,704,265,10,39.5,40.9
0,256,144,343,717,258,7,39.6,41.8
0,240,135,337,713,213,15,39.7,43.2
0,258,145,352,718,348,12,39.7,44.4
0,262,144,341,718,259,14,39.8,45.5
0,259,135,354,691,269,13,39.8,45.4
0,256,128,339,706,270,14,40,46.3
0,272,128,324,720,304,13,40,46.4
0,272,205,323,705,271,16,40,45.3
0,261,117,330,743,272,14,40.1,44
0,272,128,335,720,267,14,40.2,43.9
0,272,117,320,710,271,16,40.2,43.9
0,262,123,329,712,272,13,40.3,44
0,273,122,320,709,268,16,40.3,44.2
0,263,112,321,704,272,13,40.4,44.3
0,275,118,321,713,266,15,40.4,44.5
0,264,116,320,713,266,16,40.5,43.5
0,272,102,304,705,272,16,40.6,43.2
0,263,105,320,695,272,16,40.6,40.9
0,270,118,336,698,272,16,40.7,39.5
0,277,128,351,700,276,16,40.7,40.1
0,271,130,355,699,273,15,40.8,42.9
0,272,137,367,706,272,11,40.8,45
0,272,113,350,701,274,16,40.9,46.3
0,276,65,327,688,291,16,41,46.4
0,288,114,336,713,269,16,41.1,44.9
0,277,112,342,695,273,16,41.2,43.8
0,284,118,341,704,274,16,41.2,43.7
0,297,130,363,710,275,17,41.3,44.3
0,292,283,368,709,285,16,41.6,46.7
0,293,128,357,719,274,17,41.7,47.10001
0,289,115,212,713,279,16,41.7,46.9
0,295,123,349,706,282,16,41.8,46.8
0,290,118,363,706,283,14,41.9,46.6
0,294,128,365,702,282,16,42,46.8
0,304,139,368,711,291,17,42,47.8
0,306,139,378,711,281,18,42.10001,48.6
0,314,148,385,720,276,18,42.2,49.5
0,306,140,390,709,284,17,42.2,50.4
0,304,144,400,717,287,16,42.3,51
0,311,144,394,715,287,18,42.4,51.5
0,309,150,405,719,285,16,42.4,52
0,307,147,408,720,290,16,42.5,53
0,315,150,417,722,291,17,42.6,53.7
0,325,147,406,725,289,18,42.7,54.3
0,329,165,417,725,292,18,42.7,54.5
0,337,165,414,734,288,20,42.8,54.60001
0,368,807,625,749,272,3,42.9,54.60001
0,375,758,607,753,272,3,42.3,52.2
0,383,743,577,757,269,3,42.3,54.1
0,364,697,563,756,273,2,42.2,55.5
0,368,686,560,759,273,2,42.2,55.1
0,371,679,561,753,277,1,42.2,55.7
0,397,682,561,768,271,5,42.2,57.5
0,390,811,547,765,278,48,42.2,59.3
0,403,652,549,772,277,4,42.10001,61.2
0,383,652,493,769,272,9,42.10001,62.5
0,369,614,477,770,277,9,42.10001,60.2
0,365,579,440,758,277,6,42.10001,56.3
0,384,571,448,779,272,16,42.10001,55.5
0,364,562,448,769,275,9,42,56.5
0,365,463,386,704,246,0,42,60.2
0,373,470,385,688,288,0,41.4,39.1
0,368,464,400,698,254,0,41.5,40.9
0,378,469,398,694,256,0,41.4,42.8
0,384,459,369,699,254,0,41.4,44.3
0,389,463,382,689,256,0,41.4,45.6
0,396,459,368,693,251,0,41.5,46.8
0,419,453,371,697,247,0,41.5,47.4
0,405,454,382,693,251,0,41.5,47.9
0,407,439,368,690,255,0,41.6,48.2
0,425,432,385,692,253,0,41.6,48.5
0,413,436,368,688,271,0,41.6,49.1
0,421,432,362,688,253,0,41.6,49.7
0,411,416,365,689,256,0,41.7,50.3
0,416,413,348,693,243,0,41.7,50.5
0,402,384,327,688,252,0,41.7,50.3
0,396,307,321,689,251,0,41.8,48.9
0,393,376,321,686,245,0,41.8,46.4
0,377,362,320,688,272,0,41.8,44.8
0,368,342,308,681,240,0,41.8,44.4
0,362,266,304,678,245,0,41.9,43
0,354,337,318,678,240,0,41.9,40.4
0,359,346,317,655,242,0,41.9,40.1
0,355,324,310,669,249,0,42,40.7
0,346,321,315,679,240,0,41.9,41.7
0,354,320,309,669,250,0,42,42.4
0,347,314,304,669,247,0,42,43.1
0,334,298,295,667,245,0,42,43.8
0,335,313,296,659,241,0,42.10001,43.8
0,318,304,302,672,239,2,42.10001,44.5
0,317,279,290,653,242,0,42.10001,45.5
0,291,285,278,668,240,0,42.2,44.4
0,303,281,287,668,243,0,42.2,42
0,251,293,343,642,237,0,42.2,42.2
0,258,304,358,647,240,50,39.8,36.9
0,266,315,369,659,240,0,39.8,38.5
0,269,317,374,661,241,0,39.9,40.3
0,263,342,383,657,240,5,40,42.3
0,278,333,395,674,240,4,40,44
0,274,339,400,685,282,5,40.1,45.6
0,274,343,401,684,245,7,40.2,47.10001
0,297,362,395,682,158,8,40.2,48.5
0,336,355,413,693,267,12,40.3,49.9
0,304,368,408,689,258,13,40.4,51.3
0,309,365,426,710,258,10,40.4,52.5
0,308,375,432,705,256,16,40.5,53.6
0,323,375,449,715,262,11,40.6,54.5
0,326,381,362,720,262,13,40.7,55.5
0,325,374,443,724,267,13,40.7,56.6
0,321,394,453,719,266,16,40.8,57.3
0,347,406,447,725,275,19,40.9,57.8
0,343,413,454,742,274,16,41,58.5
0,354,405,462,747,276,16,41.1,59.3
0,351,417,465,739,272,20,41.1,60.1
0,361,422,460,750,276,19,41.2,60.7
0,400,420,470,752,272,25,41.2,61.5
0,361,421,453,759,272,21,41.3,62.4
0,375,423,443,766,283,21,41.3,63.1
0,378,381,478,777,283,19,41.4,63.6
0,382,419,442,781,287,19,41.4,64
0,387,419,446,784,289,20,41.5,64.5
0,384,411,447,787,290,21,41.6,65.2
0,389,425,446,789,294,25,41.6,65.9
0,398,411,462,799,278,27,41.6,66.5
0,394,411,464,805,297,26,41.7,67.20001
0,400,427,455,805,297,48,41.7,67.9
0,405,419,457,816,298,27,41.8,68.3
0,400,424,458,811,298,32,41.9,68.6
0,407,426,458,823,303,29,41.9,68.80001
0,416,419,463,827,304,30,41.9,68.9
0,411,410,474,823,364,32,41.9,69.1
0,420,419,480,821,297,38,42,69.3
0,412,426,475,833,302,34,42,69.6
0,325,271,372,743,272,0,42.10001,70.1
0,320,267,362,721,263,10,41.2,46.2
0,323,276,341,755,275,6,41.2,48.9
0,334,269,350,747,272,15,41.1,51.8
0,339,270,351,755,272,11,41,54.4
0,283,275,339,773,283,9,41,56.3
0,350,278,336,767,277,10,40.9,58.3
0,340,279,335,773,281,7,40.9,60.4
0,357,268,341,759,273,13,40.8,62.5
0,353,278,333,775,281,12,40.8,64.4
0,353,280,330,781,283,39,40.7,66.4
0,368,271,345,771,277,12,40.7,68.3
0,363,269,346,784,272,9,40.7,69.9
0,362,278,326,781,283,10,40.7,70.5
0,365,274,325,784,283,7,40.7,71.9
0,371,263,338,781,276,14,40.7,73.5
0,369,269,331,784,283,9,40.7,75
0,381,272,330,795,284,7,40.7,76.4
0,379,272,331,800,287,12,40.7,77.7
0,389,269,336,794,279,13,40.7,78.9
0,400,231,325,791,277,13,40.7,79.9
0,405,202,304,789,273,16,40.8,81.1
0,399,224,299,805,286,12,40.8,81.3
0,400,210,307,816,310,9,40.8,81.1
0,415,223,320,806,282,16,40.8,81.4
0,419,237,320,804,286,16,40.9,82
0,407,241,313,811,288,13,40.8,82.7
0,411,241,320,816,288,13,40.8,83.4
0,424,225,320,820,285,13,40.9,84.1
0,426,240,304,821,287,15,41,84.6
0,432,202,301,817,281,16,41,84.7
0,427,208,299,812,277,16,41,84.6
0,419,237,290,823,283,15,41,84.5
0,416,227,295,809,286,12,41,84.5
0,427,234,303,820,291,16,41.1,84.90001
0,427,234,307,816,292,16,41.1,85.4
0,443,223,320,835,289,17,41.1,85.9
0,447,223,320,838,299,16,41.1,86.4
0,432,240,315,820,297,22,41.2,86.90001
0,438,222,322,855,291,19,41.2,87.40001
0,446,227,294,832,254,16,41.2,87.80001
0,433,237,319,830,286,20,41.3,88.20001
0,432,238,320,826,285,21,41.3,88.5
0,444,229,309,823,295,23,41.3,88.70001
0,438,238,318,835,377,22,41.4,88.9
0,441,238,320,837,289,22,41.4,89.1
0,385,239,321,846,290,27,41.5,89.3
0,274,603,526,667,241,0,41.6,89.7
0,272,619,523,675,251,0,39.4,43.9
0,276,612,507,700,256,0,39.4,45.6
0,289,624,491,714,253,0,39.4,47.6
0,285,636,534,718,254,0,39.4,49.2
0,288,641,472,720,310,0,39.4,49.8
0,308,638,451,726,259,0,39.4,51.5
0,9,178,98,191,0,0,39.5,53.6
0,0,123,89,106,0,0,39.6,54.5
0,0,88,106,62,0,0,39.6,55.2
0,0,38,119,34,0,0,39.7,57.7
0,0,18,128,30,0,0,40,58.5
0,381,163,498,698,242,1,34.5,37.2
0,384,181,496,701,243,2,35,40.5
0,391,189,489,703,244,3,35,41.4
0,398,191,482,705,247,4,35.1,42.4
0,402,196,481,706,246,4,35.2,43.4
0,407,197,473,709,249,4,35.2,44.4
0,415,197,461,712,252,6,35.3,45.3
0,422,197,449,714,252,5,35.3,46
0,423,192,436,718,255,5,35.4,46.6
0,426,192,433,719,256,6,35.4,47.4
0,428,189,432,720,257,7,35.5,48.2
0,430,191,432,720,258,6,35.6,48.7
0,430,190,438,720,259,7,35.7,49.2
0,432,191,438,722,262,6,35.7,49.7
0,431,193,433,720,259,12,35.7,50.2
0,432,192,433,722,261,7,35.8,50.7
0,433,192,439,723,262,11,35.9,51.2
0,433,194,439,722,262,7,36,51.7
0,432,197,441,726,263,7,36,52.2
0,434,192,433,727,266,10,36.1,52.4
0,435,196,430,727,266,6,36.1,52.7
0,434,195,430,726,265,7,36.2,53
0,437,196,432,733,270,9,36.2,53.2
0,439,193,423,735,270,10,36.3,53.5
0,434,195,432,731,270,9,36.3,53.9
0,446,195,435,736,272,9,36.4,54
0,446,198,435,737,272,10,36.5,54.1
0,448,199,433,740,272,11,36.5,54.2
0,445,199,432,739,273,9,36.6,54.2
0,448,203,435,743,278,13,36.7,54.1
0,451,205,439,746,278,11,36.7,54
0,449,207,439,749,279,13,36.7,53.9
0,450,208,443,750,279,14,36.7,54
0,455,256,446,751,283,15,36.8,54.3
0,451,263,442,752,283,14,36.8,54.60001
0,458,250,439,752,285,16,36.9,54.9
0,455,240,433,752,283,15,36.9,55.5
0,455,235,432,752,286,14,37,56.6
0,458,229,431,754,288,16,37,57.3
0,457,226,429,754,289,16,37.1,57.2
0,458,225,432,755,288,14,37.2,56.8
0,457,224,430,756,289,17,37.2,56.4
0,459,222,426,755,291,16,37.2,56.2
0,459,222,425,759,292,16,37.2,56.2
0,456,221,425,758,294,15,37.3,56.2
0,458,219,428,761,293,16,37.3,56.3
0,459,222,431,761,295,16,37.3,56.5
0,459,223,432,762,295,16,37.4,56.6
0,460,224,432,762,295,16,37.4,56.9
0,458,223,432,763,298,16,37.5,57.10001
0,463,225,432,763,297,16,37.5,57.5
0,462,225,439,765,301,16,37.6,57.8
0,463,226,447,766,298,16,37.6,58.1
0,462,226,450,768,300,16,37.7,58.2
0,462,227,458,768,302,16,37.7,58.1
0,464,229,459,769,302,16,37.7,58.2
0,464,218,459,769,304,16,37.8,58.6
0,464,231,459,769,302,17,37.8,59.1
0,465,230,457,770,302,16,37.9,59.7
0,466,230,455,770,302,16,37.9,60.2
0,469,231,451,771,303,16,37.9,60.7
0,478,229,449,771,302,16,38,61.1
0,473,231,450,771,301,16,38,61.3
0,473,229,454,773,302,16,38.1,61.4
0,481,234,453,775,304,16,38.1,61.4
0,475,237,453,779,304,16,38.2,61.5
0,482,235,457,782,304,16,38.2,61.6
0,486,238,452,783,305,17,38.2,61.8
0,487,237,452,784,306,17,38.3,61.9
0,489,238,451,787,308,18,38.3,62.10001
0,491,238,451,784,307,18,38.4,62.2
0,487,240,449,783,305,17,38.4,62.3
0,483,237,443,778,304,16,38.5,62.5
0,483,240,444,778,304,17,38.5,62.9
0,490,240,441,780,303,16,38.5,63
0,496,242,447,785,306,18,38.6,63.1
0,458,259,470,784,311,16,38.7,63
0,462,259,464,787,315,16,38.5,46.4
0,462,258,462,789,314,16,38.6,46.6
0,461,256,441,793,318,16,38.6,47
0,462,256,429,794,320,16,38.6,47.6
0,462,252,427,797,320,16,38.6,48.6
0,459,246,410,795,321,16,38.7,48.4
0,459,243,407,797,321,16,38.7,49.1
0,457,241,400,798,322,16,38.7,48.5
0,455,240,401,797,321,16,38.7,48.4
0,462,239,403,797,323,16,38.7,48.9
0,453,238,411,796,322,16,38.8,49.2
0,453,238,419,797,323,14,38.8,49.1
0,453,237,416,796,321,16,38.8,49.1
0,454,235,419,798,325,16,38.8,49.3
0,451,234,420,797,327,16,38.9,49.60001
0,448,236,417,800,326,16,38.9,49.7
0,449,235,413,801,330,16,38.9,48.3
0,434,221,394,779,318,10,38.9,48.1
0,445,227,400,790,324,14,38.9,48.4
0,448,225,402,796,325,16,39,49.3
0,448,227,400,795,325,14,39,50
0,450,229,402,800,331,16,39,50.6
0,451,227,400,802,333,16,39.1,50.8
0,454,229,400,804,335,16,39.1,50.8
0,453,230,409,807,336,16,39.1,50
0,490,247,487,833,353,25,39.2,50.1
0,490,250,479,837,355,23,39.4,56.4
0,494,251,481,839,358,26,39.5,56.5
0,495,253,483,842,357,26,39.5,56.5
0,496,256,487,843,359,28,39.5,56.6
0,497,256,493,846,362,27,39.6,56.8
0,498,256,493,845,363,26,39.7,57.10001
0,497,259,493,848,363,22,39.7,57.4
0,635,211,487,798,309,15,39.7,57.9
0,658,219,494,791,306,16,39,44.3
0,674,238,506,795,307,16,38.9,46.3
0,671,251,519,797,307,16,38.8,48.4
0,665,268,527,804,307,16,38.8,50.3
0,658,279,531,805,308,16,38.8,52.2
0,656,298,543,813,308,16,38.8,53.3
0,658,309,554,816,309,16,38.8,54.4
0,659,320,560,816,311,17,38.8,55.4
0,661,323,567,817,310,16,38.8,56.5
0,656,326,565,816,306,16,38.8,57.5
0,661,331,576,819,310,17,38.8,58.4
0,663,336,581,823,311,17,38.8,59.3
0,665,336,582,829,314,19,38.8,60.2
0,666,340,577,832,313,17,38.8,60.9
0,666,341,576,833,314,20,38.8,61.9
0,670,347,581,833,315,23,38.8,62.9
0,671,346,576,840,317,22,38.9,64.1
0,673,343,562,839,317,22,38.9,65.4
0,675,341,560,845,319,21,38.9,66.4
0,674,339,560,848,319,23,38.9,66.9
0,674,337,557,848,319,23,38.9,67.4
0,678,336,554,848,319,24,38.9,68
0,676,352,558,848,318,23,38.9,68.6
0,677,345,560,850,320,23,39,69.1
0,674,339,557,848,318,22,39,69.70001
0,674,336,559,849,315,23,39,70.3
0,679,336,560,851,320,23,39.1,70.70001
0,681,336,560,855,320,25,39.1,71.1
0,684,334,560,854,320,26,39.1,71.6
0,682,332,560,860,320,27,39.1,72
0,683,330,561,863,321,27,39.1,72.20001
0,683,330,560,865,323,30,39.1,72.5
0,681,329,551,865,321,26,39.1,72.7
0,685,331,551,865,323,27,39.2,73.20001
0,686,329,551,868,323,28,39.2,73.6
0,685,331,546,869,323,29,39.2,74
0,687,327,547,871,323,27,39.2,74.1
0,688,322,548,873,326,30,39.2,74.3
0,688,323,551,875,324,29,39.2,74.5
0,679,320,550,875,325,29,39.2,74.6
0,686,320,547,877,323,29,39.3,74.9
0,688,317,542,878,322,27,39.3,75.3
0,685,319,539,879,326,29,39.3,75.5
0,684,317,535,880,328,30,39.3,75.6
0,683,317,532,881,325,30,39.3,75.6
0,682,317,535,883,327,31,39.3,75.70001
0,679,315,560,881,327,30,39.4,75.8
0,681,317,560,885,330,30,39.3,76
0,682,315,560,885,331,31,39.4,76.30001
0,680,314,560,885,327,30,39.4,76.5
0,679,313,560,889,330,31,39.4,76.8
0,682,313,560,890,331,32,39.4,77
0,683,311,558,893,327,31,39.4,77.3
0,685,310,554,894,331,32,39.4,77.6
0,684,310,555,895,330,32,39.5,78
0,683,311,556,896,333,32,39.5,78.20001
0,685,310,556,897,332,32,39.5,78.5
0,684,310,554,897,333,34,39.5,78.7
0,686,309,555,897,335,33,39.5,78.9
0,686,305,550,902,335,34,39.6,79.1
0,687,305,550,905,336,33,39.6,79.4
0,545,303,549,830,321,31,39.6,79.6
0,545,304,546,829,321,32,39,47
0,545,305,544,827,322,33,39,47.6
0,547,313,542,830,323,31,39.1,48.1
0,544,314,541,830,322,31,39.1,48.6
0,544,317,539,827,324,31,39.1,49.1
0,542,320,538,821,322,29,39.1,49.7
0,542,321,537,821,322,27,39.1,50.1
0,538,321,532,816,320,27,39.1,50.6
0,543,325,533,816,319,28,39.1,51
0,545,330,535,814,320,29,39.1,51.5
0,551,332,537,818,321,29,39.2,52
0,553,331,531,813,320,27,39.2,52.6
0,557,332,537,816,321,29,39.2,53
0,554,336,540,817,324,29,39.2,53.5
0,558,338,545,820,328,32,39.2,53.9
0,560,338,546,821,326,31,39.2,54.2
0,560,342,549,821,327,32,39.2,54.5
0,560,347,553,821,326,32,39.2,54.9
0,562,352,558,823,327,32,39.2,55.3
0,560,349,555,816,325,29,39.2,55.7
0,556,351,554,813,321,27,39.3,56
0,558,354,559,813,321,29,39.3,56.4
0,562,355,562,815,321,27,39.3,56.8
0,565,361,568,816,323,29,39.3,57.10001
0,569,365,571,817,323,29,39.4,57.5
0,567,366,571,816,322,29,39.3,57.8
0,571,368,575,818,323,29,39.4,58
0,564,368,576,816,325,30,39.4,58.1
0,574,369,576,820,326,33,39.4,58.2
0,571,368,576,816,322,31,39.4,58.2
0,576,370,578,819,325,30,39.4,58.4
0,576,374,581,822,330,32,39.5,58.6
0,576,375,583,820,326,27,39.5,58.8
0,567,368,576,810,320,27,39.5,59.1
0,564,366,575,803,314,25,39.5,59.4
0,576,370,585,813,320,27,39.5,59.7
0,579,371,591,816,321,30,39.5,60
0,583,375,592,816,321,29,39.6,60.4
0,589,380,595,821,325,30,39.6,60.7
0,589,373,592,816,322,27,39.6,61
0,590,374,592,817,321,29,39.6,61.2
0,582,371,586,813,317,27,39.6,61.4
0,585,369,589,810,316,26,39.7,61.6
0,593,374,593,816,320,27,39.7,61.8
0,595,374,593,816,317,26,39.7,62
0,592,368,590,811,313,22,39.7,62.3
0,595,455,688,817,309,29,39.7,62.7
0,601,452,677,816,306,25,38.2,53
0,592,448,656,816,304,23,38.1,54.8
0,609,441,631,816,304,25,38.2,56.2
0,622,432,624,821,304,25,38.2,57.4
0,630,427,625,829,305,28,38.2,58.5
0,641,430,630,838,311,32,38.2,60.1
0,645,427,627,841,311,32,38.2,61.7
0,654,428,629,848,317,33,38.3,63.1
0,656,427,627,849,315,35,38.3,64.3
0,659,428,626,853,318,36,38.3,65.5
0,663,424,622,855,317,35,38.3,66.70001
0,663,419,608,855,317,34,38.4,68.1
0,663,413,603,855,315,36,38.4,69.3
0,671,415,602,861,319,35,38.4,70.1
0,675,409,596,866,320,36,38.4,70.9
0,671,401,592,861,315,34,38.5,71.9
0,671,398,591,855,310,33,38.5,72.6
0,683,400,593,867,317,35,38.5,73.4
0,688,400,598,870,320,35,38.6,74.20001
0,685,395,592,864,311,33,38.6,74.9
0,695,400,607,879,318,37,38.6,75.6
0,701,401,611,880,321,41,38.7,76.2
0,699,400,609,880,320,38,38.7,76.8
0,705,401,616,886,323,43,38.7,77.5
0,709,406,620,893,327,44,38.7,78.1
0,718,411,624,898,330,46,38.7,78.6
0,710,403,621,895,326,44,38.8,79
0,719,407,627,902,331,47,38.8,79.5
0,716,409,627,909,336,47,38.8,80.1
0,720,404,624,910,335,47,38.8,80.6
0,724,405,624,912,336,48,38.9,81.20001
0,730,401,621,919,338,48,39,81.70001
0,732,400,615,923,339,49,38.9,82.1
0,705,379,590,895,323,38,39,82.40001
0,720,384,602,909,331,48,39,82.7
0,723,384,610,912,333,47,39,82.9
0,731,387,617,919,336,48,39,83.20001
0,735,386,611,923,336,48,39,83.5
0,741,389,605,931,339,49,39,83.70001
0,742,384,593,934,340,48,39.1,83.8
0,716,367,563,910,326,42,39.1,83.6
0,727,370,574,923,336,48,39.1,83.4
0,736,369,575,926,336,48,39.1,83.5
0,733,368,573,927,336,48,39.1,83.70001
0,738,368,573,933,338,48,39.1,83.9
0,738,368,573,937,338,49,39.1,84.00001
0,741,368,573,940,340,49,39.1,84.1
0,742,368,570,941,343,49,39.1,84.3
0,739,368,566,943,341,51,39.1,84.3
0,737,365,574,945,345,52,39.1,84.20001
0,737,364,576,944,348,53,39.2,84.3
0,734,363,577,944,348,51,39.1,84.5
0,731,361,576,944,343,49,39.2,84.6
0,734,363,586,947,346,53,39.2,84.8
0,733,363,588,950,348,51,39.1,85
0,731,361,591,950,350,53,39.2,85.1
0,734,363,592,953,350,52,39.2,85.30001
0,732,361,593,957,349,51,39.2,85.5
0,730,359,592,952,349,52,39.2,85.70001
0,727,361,592,957,352,54,39.2,86
0,735,358,589,955,352,54,39.2,86.20001
0,739,359,592,960,352,54,39.2,86.4
0,736,359,592,961,355,55,39.2,86.50001
0,733,355,590,960,353,57,39.2,86.70001
0,733,353,583,961,354,55,39.2,86.8
0,498,435,689,832,311,23,39.2,87
0,501,426,669,832,309,22,37.5,44.4
0,502,421,656,832,308,20,37.5,45.8
0,508,407,636,832,308,21,37.5,47.2
0,507,395,616,833,310,18,37.5,48.4
0,499,381,603,831,308,17,37.5,49.4
0,507,364,591,832,306,17,37.6,50.2
0,503,350,576,832,305,16,37.6,50.8
0,503,336,565,831,305,16,37.6,51.1
0,501,334,560,830,304,16,37.6,51.2
0,496,321,545,823,300,16,37.7,51.1
0,489,319,541,827,301,13,37.7,50.9
0,493,315,540,823,303,16,37.7,50.9
0,490,309,534,823,299,13,37.7,50.7
0,486,304,528,821,298,13,37.7,50.8
0,482,303,528,819,298,11,37.8,50.9
0,474,298,518,815,291,9,37.8,50.6
0,467,289,507,805,287,6,37.9,50.5
0,476,295,528,816,295,12,37.8,50.6
0,467,289,526,806,290,6,37.9,50.6
0,469,290,528,807,290,9,37.9,50.7
0,470,290,528,810,291,9,38,50.9
0,471,293,532,813,293,11,38,50.9
0,471,293,537,811,293,11,38,51.1
0,476,304,550,816,298,11,38.1,51.5
0,470,301,545,811,293,11,38.1,52
0,470,298,539,811,291,10,38.2,52.6
0,468,299,542,811,292,9,38.2,53.2
0,473,294,554,815,292,11,38.2,53.5
0,469,285,541,811,289,7,38.2,53.7
0,473,286,533,814,293,10,38.3,53.7
0,477,281,528,816,291,10,38.3,53.6
0,468,274,505,813,287,6,38.3,53.5
0,458,265,491,794,276,1,38.4,53.3
0,468,272,503,811,285,7,38.4,53
0,478,275,518,819,293,11,38.4,52.5
0,473,270,519,817,291,9,38.5,52.2
0,474,272,511,821,290,10,38.5,51.8
0,475,272,506,822,293,7,38.5,51.7
0,473,272,506,818,293,10,38.6,51.7
0,473,270,501,818,293,12,38.6,51.7
0,471,269,497,821,293,12,38.6,51.9
0,480,286,497,828,298,14,38.7,52.2
0,474,282,496,825,295,11,38.7,52.3
0,475,279,497,827,295,11,38.7,52.3
0,471,297,501,823,297,12,38.7,52.10001
0,479,299,510,832,304,13,38.8,52.10001
0,481,295,518,833,304,16,38.8,52.2
0,475,288,510,829,301,13,38.9,52.4
0,477,289,517,833,304,16,38.9,52.8
0,428,266,474,775,292,13,39.1,53.8
0,432,272,471,781,293,16,38.4,37.8
0,442,277,476,784,298,16,38.4,38.9
0,448,285,477,787,309,16,38.4,40
0,450,289,471,786,302,17,38.5,41.2
0,450,291,471,787,304,16,38.5,42.10001
0,450,294,473,787,303,18,38.6,42.7
0,451,294,475,786,304,17,38.6,43.1
0,450,299,477,787,304,19,38.7,43.5
0,451,303,478,789,304,19,38.7,43.9
0,455,302,475,790,305,19,38.8,44.5
0,452,303,476,790,305,19,38.8,45
0,455,303,481,789,306,20,38.9,45.4
0,458,304,483,791,308,19,39,45.8
0,458,304,481,794,311,21,39,46.1
0,458,304,480,795,310,21,39.1,46.6
0,458,304,483,797,313,24,39.2,47.10001
0,454,303,475,789,306,21,39.2,47.8
0,459,303,477,788,307,19,39.3,48.2
0,462,303,479,788,308,21,39.3,48.5
0,454,298,476,786,306,18,39.4,48.8
0,453,300,471,785,305,21,39.5,49.1
0,462,301,477,794,310,23,39.6,49.8
0,464,302,479,797,313,25,39.6,50.3
0,466,301,482,796,315,21,39.7,50.7
0,467,300,477,800,315,23,39.7,51
0,467,299,481,801,316,26,39.7,51.1
0,466,299,479,798,317,23,39.8,51.3
0,469,297,478,800,317,24,39.9,51.6
0,478,294,470,801,319,27,39.9,52.10001
0,467,288,464,801,315,23,40,52.4
0,466,286,464,795,314,21,40,52.3
0,463,283,460,787,306,21,40.1,52
0,464,281,462,787,306,21,40.1,51.8
0,469,282,464,793,311,21,40.2,51.9
0,464,277,464,786,307,22,40.2,52.2
0,470,281,471,793,311,22,40.2,52.5
0,469,276,464,788,307,21,40.3,52.8
0,474,277,469,797,314,22,40.4,53.2
0,480,281,477,802,316,28,40.4,53.5
0,484,285,479,807,319,27,40.5,53.7
0,490,282,479,807,320,27,40.5,53.9
0,489,283,482,812,326,27,40.5,54
0,485,276,471,807,321,26,40.6,54.2
0,487,276,467,807,320,26,40.6,54.4
0,490,277,471,811,322,22,40.7,54.60001
0,493,278,469,811,322,28,40.7,54.7
0,493,275,470,815,323,28,40.7,54.8
0,496,278,474,816,327,32,40.8,54.9
0,498,277,471,817,329,32,40.8,54.9
0,498,277,471,821,329,31,40.9,55
0,501,279,468,821,331,33,40.9,55.1
0,502,279,464,826,333,35,40.9,55.2
0,502,277,466,823,331,32,41,55.3
0,501,275,465,826,334,33,41,55.4
0,503,276,460,826,331,34,41,55.4
0,503,272,449,823,330,33,41.1,55.4
0,498,268,448,820,327,32,41.1,55.6
0,500,269,448,823,331,31,41.1,55.6
0,496,461,471,756,272,14,41.2,55.5
0,518,460,491,764,273,15,40.4,35.5
0,519,454,496,753,272,10,40.4,36.8
0,537,459,521,766,272,13,40.4,38.3
0,549,462,526,770,273,16,40.4,39.7
0,563,464,534,781,279,16,40.4,40.9
0,570,463,541,784,281,17,40.4,41.9
0,577,459,547,786,285,16,40.5,42.9
0,586,459,551,794,286,16,40.5,43.8
0,585,451,550,793,288,16,40.6,44.7
0,592,453,560,799,290,18,40.6,45.5
0,595,452,566,805,294,19,40.7,46.2
0,615,464,582,823,303,27,40.7,46.9
0,622,466,591,832,310,29,40.7,47.7
0,614,464,583,827,306,27,40.7,48.3
0,615,464,590,831,310,26,40.8,49
0,643,464,599,851,317,32,40.9,50.3
0,656,458,609,862,322,35,41.8,53.2
0,656,453,609,862,323,32,41.9,54.3
0,666,460,611,876,333,38,41.9,55.2
0,667,453,593,870,333,38,42,55.8
0,677,451,589,887,338,41,42.10001,56.4
0,678,448,582,894,342,44,42.2,56.8
0,680,445,582,898,346,42,42.3,56.9
0,681,447,579,906,352,45,42.4,57
0,678,441,576,906,353,45,42.5,57.2
0,677,435,565,907,354,43,42.5,57.5
0,658,422,546,893,346,38,42.6,57.6
0,654,417,539,886,339,35,42.7,57.5
0,640,410,534,875,335,32,42.7,56.7
0,647,411,547,880,337,34,42.8,55.5
0,656,411,551,881,337,35,42.9,55.9
0,656,400,538,861,326,27,42.9,56.2
0,688,426,579,897,345,42,43,56.8
0,678,422,572,889,342,40,43.1,57.5
0,669,415,565,878,336,37,43.2,58
0,688,425,579,896,348,44,43.2,58.5
0,690,423,588,901,348,47,43.3,58.8
0,691,419,590,899,349,45,43.4,59
0,700,425,594,909,354,48,43.4,59.3
0,708,423,593,912,359,50,43.5,59.60001
0,706,419,589,912,359,48,43.6,59.7
0,720,425,599,938,371,53,43.7,59.60001
0,716,423,592,934,373,55,43.7,59.3
0,710,419,589,935,371,54,43.8,58.8
0,707,417,588,936,371,55,43.9,58.6
0,715,422,589,944,377,57,43.9,58.4
0,717,419,577,947,380,59,43.9,58.6
0,704,406,561,938,372,52,44.1,59
0,698,400,558,934,370,50,44.1,59
0,695,398,552,927,366,48,44.2,58.9
0,697,390,550,926,365,48,44.2,58.8
0,705,394,560,934,368,50,44.2,58.9
0,714,396,561,943,370,53,44.3,59.1
0,718,394,554,944,373,54,44.4,59.3
0,720,387,555,947,375,54,44.4,59.7
0,701,374,537,933,365,48,44.5,59.7
0,716,382,541,946,372,54,44.5,59.5
0,707,381,528,944,369,52,44.60001,58.9
0,723,387,547,965,384,60,44.7,58.3
0,720,384,548,964,384,58,44.7,57.8
0,721,386,554,969,386,61,44.7,57
0,707,380,543,960,381,57,44.7,56.3
0,702,379,542,962,384,54,44.7,56
0,701,372,538,954,377,51,44.8,55.9
0,709,378,549,965,383,55,44.9,55.9
0,717,377,555,970,384,60,44.9,55.9
0,720,381,553,966,384,55,45,56.1
0,727,384,568,974,387,59,45,56.4
0,720,375,560,960,379,50,45.1,56.4
0,762,379,565,971,384,53,45.2,56.3
0,838,387,578,987,394,61,45.2,56.3
0,811,389,576,989,396,58,45.2,56.4
0,789,390,571,989,395,58,45.2,55.6
0,788,387,565,983,389,54,45.3,54.7
0,784,391,569,983,387,54,45.3,54.5
0,784,393,576,987,388,57,45.3,54.1
0,785,396,576,986,388,56,45.4,54.1
0,786,400,583,993,396,59,45.4,55.3
0,790,399,580,997,397,58,45.5,56.4
0,794,410,586,1007,399,61,45.6,57.4
0,784,397,579,999,396,58,45.6,58.3
0,788,398,582,1005,400,60,45.7,58.6
0,833,403,583,1009,400,61,45.7,59.3
0,806,377,554,966,372,45,45.7,61
0,838,391,574,990,385,51,45.8,62.5
0,848,395,570,998,387,57,45.9,63.5
0,848,386,558,992,383,54,46,64.3
0,852,385,553,999,386,57,46,64.70001
0,863,388,558,1011,394,61,46.1,65
0,863,384,544,1008,391,58,46.1,64.8
0,480,314,593,825,306,16,46.2,64.3
0,490,327,597,828,306,16,42.10001,37.3
0,496,342,603,831,307,17,42.10001,38.9
0,505,364,612,832,310,16,42.10001,40.5
0,521,378,618,839,313,16,42.10001,41.9
0,530,393,624,844,314,18,42.10001,43.3
0,540,405,628,847,315,19,42.10001,44.5
0,539,415,629,845,313,17,42.10001,45.6
0,551,429,640,848,316,19,42,46.6
0,560,433,643,853,318,20,42,47.8
0,570,447,653,858,320,20,42,48.8
0,576,454,655,861,320,23,42,49.8
0,585,464,657,865,320,23,42,50.8
0,591,466,660,869,321,22,42,51.7
0,597,474,663,871,323,23,42,52.5
0,606,480,669,877,326,25,41.9,53.3
0,613,481,671,881,327,26,41.9,54.1
0,621,484,674,884,325,26,41.9,54.8
0,624,487,675,889,330,27,41.9,55.6
0,632,489,681,893,330,29,41.9,56.3
0,640,492,682,896,331,19,41.9,57
0,644,494,688,901,334,30,41.9,57.6
0,650,494,685,907,335,29,41.9,58.3
0,656,496,686,910,336,32,41.9,58.9
0,657,496,687,912,336,32,41.8,59.4
0,656,496,687,913,336,33,41.8,60
0,666,496,688,918,336,33,41.8,60.5
0,671,496,683,919,347,31,41.8,61
0,674,495,683,925,338,33,41.7,61
0,677,493,685,930,342,33,41.7,61.4
0,682,490,683,933,346,35,41.7,61.8
0,683,487,682,935,342,34,41.7,62.3
0,687,485,681,939,345,34,41.7,62.9
0,688,482,675,943,347,33,41.7,63.6
0,690,477,674,944,347,35,41.7,64.4
0,695,474,671,947,349,35,41.7,65
0,697,470,671,950,352,36,41.7,65.5
0,703,464,667,955,354,37,41.6,66
0,704,462,666,959,355,37,41.6,66.70001
0,704,459,661,959,354,38,41.6,67.3
0,707,455,664,962,355,39,41.6,67.6
0,706,450,665,965,356,39,41.6,67.8
0,711,451,665,970,359,39,41.6,68.20001
0,709,451,668,971,358,41,41.6,68.4
0,711,451,671,975,361,42,41.5,68.6
0,714,448,674,976,363,43,41.5,68.80001
0,715,449,678,978,363,45,41.5,69
0,715,451,682,982,366,45,41.4,69.20001
0,715,449,682,983,366,44,41.5,69.5
0,718,449,687,990,367,43,41.4,69.8
0,718,451,688,994,368,46,41.4,69.8
0,718,451,687,995,368,43,41.4,69.70001
0,717,451,688,998,368,43,41.3,69.5
0,718,449,688,1006,368,43,41.3,69.5
0,718,449,690,1008,369,46,41.3,69.8
0,719,449,695,1008,373,46,41.3,70
0,720,448,694,1011,374,47,41.3,70.2
0,719,448,697,1015,377,48,41.2,70.5
0,714,448,697,1018,375,47,41.2,70.8
0,720,447,701,1029,377,48,41.2,71.1
0,720,446,704,1031,377,48,41.2,71.4
0,720,445,704,1036,379,50,41.2,71.6
0,721,445,707,1040,382,48,41.2,71.9
0,721,445,707,1041,382,48,41.1,72.20001
0,723,445,709,1044,383,48,41.2,72.5
0,725,442,709,1049,384,48,41.1,72.7
0,726,446,711,1053,384,48,41.1,72.9
0,726,443,714,1056,385,49,41.1,73.20001
0,727,442,713,1058,386,48,41.1,73.5
0,731,439,713,1062,388,48,41.1,73.80001
0,727,441,713,1063,386,48,41,73.9
0,730,441,718,1071,389,49,41,74
0,729,439,718,1072,390,49,41,74.20001
0,730,440,715,1073,391,49,41,74.4
0,729,435,715,1078,391,48,41,74.4
0,732,437,717,1084,394,51,41,74.5
0,731,433,711,1085,391,48,41,74.6
0,733,432,707,1088,396,48,40.9,75.1
0,733,427,704,1088,394,48,40.9,75.6
0,734,427,704,1091,396,48,40.9,75.8
0,733,421,705,1094,397,48,40.9,75.8
0,733,420,707,1099,398,49,40.9,75.70001
0,732,418,708,1099,398,48,40.8,75.6
0,731,417,714,1104,398,48,40.8,75.5
0,726,418,717,1104,396,48,40.8,75.5
0,726,416,710,1105,398,49,40.8,75.4
0,727,414,716,1107,400,48,40.7,75.3
0,729,415,713,1110,400,48,40.7,75.4
0,727,414,715,1113,400,49,40.7,75.4
0,721,413,717,1115,400,49,40.7,75.4
0,725,412,720,1117,400,49,40.7,75.4
0,723,412,720,1119,400,48,40.7,75.5
0,728,410,719,1123,401,50,40.7,75.6
0,723,407,719,1125,400,49,40.7,75.70001
0,721,409,720,1126,401,49,40.7,75.8
0,722,406,721,1130,401,49,40.6,76
0,722,405,722,1133,402,48,40.6,76.1
0,723,403,722,1135,403,48,40.5,76.30001
0,722,401,720,1136,403,49,40.5,76.70001
0,723,401,723,1138,404,49,40.5,77
0,724,402,726,1139,405,49,40.5,77
0,723,400,736,1143,405,50,40.5,77.1
0,723,402,730,1146,405,50,40.5,77.1
0,724,400,731,1149,404,50,40.4,77.20001
0,723,400,734,1149,407,50,40.4,77.20001
0,726,400,736,1153,407,49,40.4,77.4
0,729,398,737,1152,407,49,40.4,77.5
0,726,400,739,1158,410,50,40.4,77.6
0,727,400,738,1163,412,50,40.4,77.6
0,727,400,740,1165,410,50,40.3,77.6
0,727,399,741,1166,412,50,40.3,77.7
0,484,462,594,850,315,23,40.3,78.4
0,490,464,595,853,318,25,38.2,42.2
0,496,463,592,857,321,25,38.2,43.2
0,497,460,581,855,320,26,38.2,44.3
0,502,455,575,859,321,27,38.2,45.3
0,502,451,560,862,321,27,38.3,46.1
0,504,447,549,859,323,27,38.3,46.7
0,506,442,548,861,331,29,38.4,47.2
0,509,435,551,863,330,29,38.4,47.7
0,509,432,546,862,328,31,38.5,48.3
0,510,432,547,862,327,29,38.6,48.8
0,510,429,547,864,330,30,38.7,49.2
0,517,426,544,864,332,29,38.7,49.8
0,521,422,539,863,333,32,38.7,50.6
0,519,421,536,863,333,32,38.8,51.4
0,523,417,528,865,335,32,38.9,52.10001
0,521,415,509,866,336,31,38.9,52.6
0,509,411,496,864,332,32,39,52.6
0,518,405,493,864,330,33,39.1,52.10001
0,518,403,494,865,333,32,39.2,51.6
0,511,400,493,863,332,33,39.2,51.1
0,510,399,487,864,333,32,39.2,50.9
0,509,394,474,864,330,33,39.3,50.7
0,505,390,461,862,331,32,39.3,50.4
0,505,384,449,863,330,32,39.4,50
0,501,384,451,863,329,33,39.5,49.4
0,497,381,458,859,331,32,39.6,48.7
0,498,379,464,859,330,31,39.6,48
0,495,375,464,858,331,32,39.6,47.5
0,494,373,462,855,330,31,39.7,47.4
0,493,371,463,858,331,32,39.7,47.10001
0,491,371,464,856,333,31,39.8,47.2
0,492,369,470,855,333,33,39.8,47.5
0,494,368,474,855,334,33,39.9,47.9
0,493,368,478,856,335,33,40,48.5
0,494,369,479,858,336,34,40.1,49.2
0,487,368,479,859,336,34,40.2,49.9
0,496,368,471,858,336,34,40.2,50.7
0,496,368,464,858,335,34,40.2,51.2
0,496,368,458,860,335,34,40.3,51.3
0,496,366,449,858,335,33,40.4,51
0,495,365,447,855,335,34,40.4,50.6
0,496,363,443,859,335,35,40.4,49.9
0,494,361,441,855,334,32,40.6,49.3
0,490,358,433,855,333,32,40.6,48.8
0,491,357,428,855,330,33,40.7,48.2
0,485,354,423,851,327,30,40.7,47.6
0,482,353,426,849,329,33,40.7,46.8
0,479,351,432,848,330,33,40.8,46
0,480,350,437,849,331,33,40.8,45.4
0,480,351,447,848,331,33,40.9,45.2
0,463,755,472,819,304,19,40.9,45.6
0,469,720,469,818,304,14,40.1,41.9
0,483,689,474,826,306,19,40,44.1
0,494,661,470,829,306,19,40,46.2
0,503,644,467,831,307,21,40,47.9
0,495,614,458,816,302,17,40,49.60001
0,503,602,455,818,303,17,40.1,50.9
0,510,592,457,823,304,17,40,51.8
0,484,553,431,785,279,5,40.1,52.2
0,530,582,465,839,313,24,40.1,52.5
0,539,573,465,839,314,23,40.1,52.9
0,535,562,464,845,317,26,40.1,53.3
0,539,560,460,846,318,26,40.2,54
0,543,551,464,850,320,27,40.2,54.60001
0,544,547,464,849,320,27,40.2,55.1
0,549,544,465,858,323,30,40.3,55.7
0,555,541,470,861,330,29,40.3,56.3
0,554,535,468,864,330,32,40.3,57.10001
0,553,519,455,849,322,28,40.4,58
0,555,518,462,855,323,29,40.4,59
0,551,518,466,862,327,31,40.4,59.7
0,565,510,466,866,331,32,40.5,60.2
0,554,497,461,854,322,27,40.6,60.6
0,560,496,464,858,325,29,40.6,61
0,564,496,470,863,326,32,40.7,61.7
0,569,496,469,866,331,31,40.7,62.2
0,565,490,464,863,326,32,40.7,62.9
0,573,492,464,866,327,31,40.8,63.7
0,579,491,464,873,330,29,40.8,64.4
0,583,494,466,878,330,33,40.8,65.1
0,586,490,469,878,331,33,40.9,65.70001
0,591,491,471,880,334,33,40.9,66.2
0,582,487,463,880,332,33,40.9,66.70001
0,588,481,444,879,328,31,41,67.4
0,590,475,438,873,321,27,41,68.20001
0,596,480,450,880,326,30,41,68.6
0,592,473,449,874,321,26,41,68.7
0,607,484,464,893,331,32,41,68.7
0,593,469,457,880,322,25,41,68.80001
0,613,484,469,900,335,34,41,68.9
0,620,485,475,902,336,35,41,69.3
0,619,486,474,903,336,35,41,69.9
0,621,485,473,903,336,34,41.1,70.5
0,623,486,476,905,336,33,41,71.1
0,613,477,470,896,332,31,41,71.4
0,624,484,474,908,336,33,41,71.70001
0,624,487,475,913,337,37,41,72.20001
0,624,478,463,906,334,31,41,72.7
0,598,458,443,880,314,21,41,72.9
0,561,624,574,859,321,27,41,73.3
0,565,615,561,860,322,25,40.3,41.7
0,573,594,554,862,321,27,40.3,42.8
0,575,583,542,863,324,26,40.2,43.8
0,566,562,528,857,322,23,40.2,44.7
0,544,526,491,829,304,16,40.2,45.2
0,558,527,500,841,315,21,40.2,45.6
0,562,525,507,841,317,20,40.1,46.1
0,578,528,523,851,320,26,40.1,46.5
0,570,510,503,847,315,22,40.1,47
0,570,503,498,850,322,23,40.1,47.4
0,571,495,494,851,321,30,40.1,47.4
0,550,470,470,829,307,16,40.1,47.7
0,538,459,455,813,295,14,40.1,48.3
0,559,463,469,832,307,17,40.1,48.6
0,537,439,449,811,294,11,40,48.3
0,560,453,464,835,318,19,40.1,48
0,573,451,464,847,317,22,40.1,48.2
0,560,443,444,835,308,18,40.1,49.3
0,560,439,446,843,314,19,40.1,49.7
0,565,435,443,845,316,21,40.1,49.2
0,560,433,439,847,320,21,40.1,49.4
0,559,432,437,848,319,20,40.1,49.2
0,555,431,435,848,320,23,40.1,49.3
0,553,432,435,848,322,22,40.1,49
0,549,430,432,848,320,22,40.2,48.8
0,528,428,423,835,314,18,40.2,48.2
0,528,429,427,843,317,20,40.2,47.4
0,528,428,427,845,318,22,40.2,46.6
0,445,463,379,816,283,16,40.2,47.3
0,448,465,389,819,288,15,39.3,35.4
0,450,464,397,821,288,16,39.4,36.4
0,454,464,400,826,293,16,39.4,37.6
0,448,457,399,816,287,15,39.4,38.9
0,459,460,405,827,295,16,39.5,40.1
0,464,462,404,832,298,17,39.5,41.3
0,466,461,400,833,298,16,39.6,42.5
0,474,464,401,843,304,18,39.6,43.5
0,473,465,400,845,304,19,39.7,44.3
0,480,471,402,848,308,22,39.7,45
0,477,466,394,845,305,21,39.8,45.7
0,469,463,389,835,304,18,39.9,46.3
0,477,464,399,844,304,19,40,46.6
0,479,459,400,842,304,20,40,47
0,485,461,402,848,310,22,40.1,47.7
0,493,461,402,853,311,23,40.2,48.5
0,496,459,401,857,315,21,40.2,49.3
0,496,453,402,857,314,21,40.3,49.9
0,490,447,400,848,307,20,40.4,50.2
0,474,432,395,831,297,16,40.4,50.6
0,480,432,400,830,299,16,40.5,51
0,485,429,405,832,298,16,40.6,51.5
0,492,429,415,836,301,17,40.7,51.9
0,528,442,448,811,303,19,40.7,52.4
0,543,448,449,833,307,23,40.3,42.4
0,549,448,448,825,309,25,40.3,43.9
0,538,435,435,814,303,17,40.3,45.2
0,550,442,445,816,305,20,40.3,46.7
0,525,413,422,780,278,6,40.3,48.1
0,534,416,432,778,276,9,40.3,49.4
0,548,417,437,777,274,10,40.3,50.4
0,555,419,432,779,273,10,40.4,51.4
0,567,426,432,784,275,14,40.4,52.10001
0,574,425,431,786,277,15,40.4,53.1
0,576,427,434,786,278,16,40.4,53.8
0,591,432,448,800,287,16,40.4,54.3
0,591,433,448,805,290,18,40.5,55
0,603,433,445,813,293,18,40.5,55.7
0,602,432,446,813,295,19,40.5,56.1
0,607,432,448,816,298,19,40.6,56.5
0,611,432,452,817,299,22,40.6,56.6
0,619,441,449,831,304,27,40.7,56.8
0,613,428,430,822,302,17,40.7,56.7
0,621,429,434,831,304,26,40.7,56.7
0,622,453,442,835,307,29,40.7,56.7
0,621,481,428,841,307,29,40.8,56.4
0,619,482,420,841,310,30,40.8,56
0,619,466,423,847,311,32,40.9,55.8
0,612,461,423,846,311,31,40.9,55.4
0,612,452,432,847,315,32,41,55.1
0,651,661,531,839,309,27,41.1,54.8
0,654,638,560,847,309,27,40.4,38.2
0,656,617,576,847,309,26,40.4,39.5
0,653,601,581,834,304,23,40.4,40.9
0,662,606,583,848,308,28,40.4,42.5
0,670,608,594,852,311,30,40.4,44
0,667,593,592,845,307,27,40.4,45.4
0,667,592,582,843,304,26,40.4,46.7
0,687,592,574,853,315,30,40.4,48.3
0,689,575,539,853,315,29,40.4,50.1
0,688,536,528,865,320,34,40.4,52.2
0,691,528,526,875,326,35,40.5,52.8
0,656,485,489,848,309,26,40.5,52.3
0,665,487,496,865,321,33,40.4,52
0,657,471,495,865,320,33,40.5,51.8
0,657,465,498,874,329,38,40.5,51.6
0,653,457,496,875,331,37,40.4,51.4
0,626,434,467,851,318,30,40.4,51.1
0,627,432,465,858,320,32,40.4,51.1
0,624,426,463,858,323,32,40.4,51.1
